Job Record Form URL,Sync ID,Job #,Company Name,Client,Address,Job City,Job State,Account Rep,Project Manager,Project Price Estimated,Price,Contract Price,Task Name,Row Order Column,Estimated Duration,Duration,Phase,Predecessors,Variance,Assigned Crew,Subcontractor Crew,Trucking Hours,Police Status,Work Window,Tech Specs,Scope Tags,Asphalt Tons,Square Yards,Notes,Start Date,End Date,Status,Split Task Days,Split Parent,Send to Billing,Billing Sync ID,Date Signed,Change Order Notes
https://app.smartsheet.com/b/form/5fb5c5e8538e463ab6e0051b0a598d6c,"3296-25 - Alyssa - North Andover, MA - Milling",3296-25,Wilder,Alyssa,175 Turnpike Street,North Andover,MA,Ken Sprague,,"$263,241","$263,240",,Alyssa - Milling,131,2,3d,Milling,,1,Milling,Subcontractor B,,,,,,1088,9495,"H & N at $4,750",04/27/26,04/29/26,Scheduled,,,,,,
https://app.smartsheet.com/b/form/5fb5c5e8538e463ab6e0051b0a598d6c,"3296-25 - Alyssa - North Andover, MA - Paving",3296-25,Wilder,Alyssa,175 Turnpike Street,North Andover,MA,Ken Sprague,,"$263,241","$263,240",,Alyssa - Paving,516,2,5d,Paving,,1,Paving,Subcontractor B,,,,,,1088,9495,"H & N at $4,750",04/30/26,05/04/26,Scheduled,,TRUE,,,,
https://app.smartsheet.com/b/form/5fb5c5e8538e463ab6e0051b0a598d6c,"3296-25 - Alyssa - North Andover, MA - Paving",3296-25,Wilder,Alyssa,175 Turnpike Street,North Andover,MA,Ken Sprague,,"$263,241","$263,240",,Alyssa - Paving,517,2,2d,Paving,,0,Paving,Subcontractor B,,,,,,1088,9495,"H & N at $4,750",04/30/26,05/01/26,Scheduled,,,,,,
https://app.smartsheet.com/b/form/5fb5c5e8538e463ab6e0051b0a598d6c,"3296-25 - Alyssa - North Andover, MA - Paving",3296-25,Wilder,Alyssa,175 Turnpike Street,North Andover,MA,Ken Sprague,,"$263,241","$263,240",,Alyssa - Paving,135,2,1d,Paving,,-1,Paving,Subcontractor B,,,,,,1088,9495,"H & N at $4,750",05/04/26,05/04/26,Scheduled,,,,,,
https://app.smartsheet.com/b/form/5fb5c5e8538e463ab6e0051b0a598d6c,"3112-25 - Andy - West Roxbury, MA - Grading",3112-25,CW Contracting,Andy,1625 VFW Parkway,West Roxbury,MA,Ken Sprague,,"$76,114","$76,114",,Andy - Reclaim/Grading,137,0.5,,Reclaim/Grading,,,Paving,,,,,,,386,1967,"Fine Grade & Pave (2"" Binder; 1.5"" Top)
Install Cape Cod Berm at 388 l.f.",,,Unscheduled,,,,,,
https://app.smartsheet.com/b/form/5fb5c5e8538e463ab6e0051b0a598d6c,"3112-25 - Andy - West Roxbury, MA - Paving",3112-25,CW Contracting,Andy,1625 VFW Parkway,West Roxbury,MA,Ken Sprague,,"$76,114","$76,114",,Andy - Paving,121,1,1d,Paving,,0,Paving,,,,,,,386,1967,"Fine Grade & Pave (2"" Binder; 1.5"" Top)
Install Cape Cod Berm at 388 l.f.",05/08/26,05/08/26,Scheduled,,,,,,
https://app.smartsheet.com/b/form/5fb5c5e8538e463ab6e0051b0a598d6c,"2994-25 - Carmen - Stoughton, MA - Grading",2994-25,Berkley,Carmen,Tosca dr,Stoughton,MA,Scott Milbury,,"$544,554","$544,554",,Carmen - Reclaim/Grading,174,2,5d,Reclaim/Grading,,3,Hand,,,,,,,2322,14357,,05/11/26,05/15/26,Scheduled,,,,,,
https://app.smartsheet.com/b/form/5fb5c5e8538e463ab6e0051b0a598d6c,"2994-25 - Carmen - Stoughton, MA - Hand",2994-25,Berkley,Carmen,Tosca dr,Stoughton,MA,Scott Milbury,,"$544,554","$544,554",,Carmen - Hand,177,5,,Hand,,,Milling,,,,,,,2322,14357,,,,,,,,,,
https://app.smartsheet.com/b/form/5fb5c5e8538e463ab6e0051b0a598d6c,"2994-25 - Carmen - Stoughton, MA - Milling",2994-25,Berkley,Carmen,Tosca dr,Stoughton,MA,Scott Milbury,,"$544,554","$544,554",,Carmen - Milling,179,4,3d,Milling,,-1,Paving,,,,,,,2322,14357,,05/18/26,05/20/26,Scheduled,,,,,,
https://app.smartsheet.com/b/form/5fb5c5e8538e463ab6e0051b0a598d6c,"2994-25 - Carmen - Stoughton, MA - Paving",2994-25,Berkley,Carmen,Tosca dr,Stoughton,MA,Scott Milbury,,"$544,554","$544,554",,Carmen - Paving,175,3,,Paving,,,Pulverizing,,,,,,,2322,14357,,,,,,,,,,
https://app.smartsheet.com/b/form/5fb5c5e8538e463ab6e0051b0a598d6c,"2994-25 - Carmen - Stoughton, MA - Pulverizing",2994-25,Berkley,Carmen,Tosca dr,Stoughton,MA,Scott Milbury,,"$544,554","$544,554",,Carmen - Pulverizing,181,2,,Pulverizing,,,Reclaim/Grading,,,,,,,2322,14357,,,,,,,,,,
https://app.smartsheet.com/b/form/5fb5c5e8538e463ab6e0051b0a598d6c,"3061-25 - Dan - Westford, MA - Hand",3061-25,Bridges by EPOCH,Dan,108 Littleton Road,Westford,MA,Ken Sprague,,"$23,927","$23,927",,Dan - Hand,127,2,10d,Hand,,8,Hand,,,,,,,35,356,"Asphalt Overlay of 35 tons (.25 for leveler), and 1.5"" carried.
Keyway approx. 80 l.f.",04/30/26,05/09/26,Cancelled,,,,,,
https://app.smartsheet.com/b/form/5fb5c5e8538e463ab6e0051b0a598d6c,"2820-25 - Davis Commons - Brockton, MA - Hand",2820-25,Davis commons,Davis Commons,165 Carl Ave,Brockton,MA,Bill Dunn,,"$429,701","$429,701","$476,028.00",Davis Commons - Hand,162,10,9d,Hand,,-3,Hand,,,,,,,1975,19027,"capauno "" 6 days to remove and replace sidewalks ( 5300 linear feet by 5 feet ) had crew - 120 hours trucking
Milling 3 days 120 hrs trucking
Paving 3 days 120 hrs trucking
Pat lines $5500, 3 mobs.  5300 linear feet of berm installed",04/23/26,05/01/26,Scheduled,,TRUE,,,,
https://app.smartsheet.com/b/form/5fb5c5e8538e463ab6e0051b0a598d6c,"2820-25 - Davis Commons - Brockton, MA - Hand - Day 1",2820-25,Davis commons,Davis Commons,165 Carl Ave,Brockton,MA,Bill Dunn,,"$413,250","$413,250","$476,028.00",Davis Commons - Hand,239,,1d,Hand,,,Hand,,,,,,,,,,04/23/26,04/23/26,Scheduled,Day 1,,,,,
https://app.smartsheet.com/b/form/5fb5c5e8538e463ab6e0051b0a598d6c,"2820-25 - Davis Commons - Brockton, MA - Hand - Day 2",2820-25,Davis commons,Davis Commons,165 Carl Ave,Brockton,MA,Bill Dunn,,"$413,250","$413,250","$476,028.00",Davis Commons - Hand,240,,1d,Hand,,,Hand,,,,,,,,,,04/24/26,04/24/26,Scheduled,Day 2,,,,,
https://app.smartsheet.com/b/form/5fb5c5e8538e463ab6e0051b0a598d6c,"2820-25 - Davis Commons - Brockton, MA - Hand - Day 3",2820-25,Davis commons,Davis Commons,165 Carl Ave,Brockton,MA,Bill Dunn,,"$413,250","$413,250","$476,028.00",Davis Commons - Hand,241,,1d,Hand,,,Hand,,,,,,,,,,04/27/26,04/27/26,Scheduled,Day 3,,,,,
https://app.smartsheet.com/b/form/5fb5c5e8538e463ab6e0051b0a598d6c,"2820-25 - Davis Commons - Brockton, MA - Hand - Day 4",2820-25,Davis commons,Davis Commons,165 Carl Ave,Brockton,MA,Bill Dunn,,"$413,250","$413,250","$476,028.00",Davis Commons - Hand,242,,1d,Hand,,,Hand,,,,,,,,,,04/28/26,04/28/26,Scheduled,Day 4,,,,,
https://app.smartsheet.com/b/form/5fb5c5e8538e463ab6e0051b0a598d6c,"2820-25 - Davis Commons - Brockton, MA - Hand - Day 5",2820-25,Davis commons,Davis Commons,165 Carl Ave,Brockton,MA,Bill Dunn,,"$413,250","$413,250","$476,028.00",Davis Commons - Hand,243,,1d,Hand,,,Hand,,,,,,,,,,04/29/26,04/29/26,Scheduled,Day 5,,,,,
https://app.smartsheet.com/b/form/5fb5c5e8538e463ab6e0051b0a598d6c,"2820-25 - Davis Commons - Brockton, MA - Hand - Day 6",2820-25,Davis commons,Davis Commons,165 Carl Ave,Brockton,MA,Bill Dunn,,"$413,250","$413,250","$476,028.00",Davis Commons - Hand,244,,1d,Hand,,,Hand,,,,,,,,,,04/30/26,04/30/26,Scheduled,Day 6,,,,,
https://app.smartsheet.com/b/form/5fb5c5e8538e463ab6e0051b0a598d6c,"2820-25 - Davis Commons - Brockton, MA - Hand - Day 7",2820-25,Davis commons,Davis Commons,165 Carl Ave,Brockton,MA,Bill Dunn,,"$413,250","$413,250","$476,028.00",Davis Commons - Hand,245,,1d,Hand,,,Hand,,,,,,,,,,05/01/26,05/01/26,Scheduled,Day 7,,,,,
https://app.smartsheet.com/b/form/5fb5c5e8538e463ab6e0051b0a598d6c,"2820-25 - Davis Commons - Brockton, MA - Hand - Day 8",2820-25,Davis commons,Davis Commons,165 Carl Ave,Brockton,MA,Bill Dunn,,"$413,250","$413,250","$476,028.00",Davis Commons - Hand,246,,,Hand,,,,,,,,,,,,,,,,,,,,,
https://app.smartsheet.com/b/form/5fb5c5e8538e463ab6e0051b0a598d6c,"2820-25 - Davis Commons - Brockton, MA - Hand - Day 9",2820-25,Davis commons,Davis Commons,165 Carl Ave,Brockton,MA,Bill Dunn,,"$413,250","$413,250","$476,028.00",Davis Commons - Hand,247,,,Hand,,,,,,,,,,,,,,,,,,,,,
https://app.smartsheet.com/b/form/5fb5c5e8538e463ab6e0051b0a598d6c,"2820-25 - Davis Commons - Brockton, MA - Hand - Day 10",2820-25,Davis commons,Davis Commons,165 Carl Ave,Brockton,MA,Bill Dunn,,"$413,250","$413,250","$476,028.00",Davis Commons - Hand,248,,,Hand,,,,,,,,,,,,,,,,,,,,,
https://app.smartsheet.com/b/form/5fb5c5e8538e463ab6e0051b0a598d6c,"2820-25 - Davis Commons - Brockton, MA - Milling",2820-25,Davis commons,Davis Commons,165 Carl Ave,Brockton,MA,Bill Dunn,,"$429,701","$429,701","$476,028.00",Davis Commons - Milling,173,3,3d,Milling,,0,Milling,,,,,,,1975,19027,"capauno "" 6 days to remove and replace sidewalks ( 5300 linear feet by 5 feet ) had crew - 120 hours trucking
Milling 3 days 120 hrs trucking
Paving 3 days 120 hrs trucking
Pat lines $5500, 3 mobs.  5300 linear feet of berm installed",04/13/26,04/15/26,Scheduled,,,,,,
https://app.smartsheet.com/b/form/5fb5c5e8538e463ab6e0051b0a598d6c,"2820-25 - Davis Commons - Brockton, MA - Paving",2820-25,Davis commons,Davis Commons,165 Carl Ave,Brockton,MA,Bill Dunn,,"$429,701","$429,701","$476,028.00",Davis Commons - Paving,167,3,3d,Paving,,0,Paving,,,,,,,1975,19027,"capauno "" 6 days to remove and replace sidewalks ( 5300 linear feet by 5 feet ) had crew - 120 hours trucking
Milling 3 days 120 hrs trucking
Paving 3 days 120 hrs trucking
Pat lines $5500, 3 mobs.  5300 linear feet of berm installed",05/21/26,05/23/26,Scheduled,,,,,,
https://app.smartsheet.com/b/form/5fb5c5e8538e463ab6e0051b0a598d6c,"3384-25 - Deloury Construction - - Wilmington, MA - Hand",3384-25,Deloury Construction - Market Basket,Deloury Construction -,340 ballardvale,Wilmington,MA,Bill Dunn,,"$25,933","$25,933",,Deloury Construction - - Hand,125,1,,Hand,,,Hand,,,,,,,110,340,Mill edge with 2' mill attachment,,,Unscheduled,,,,,,
https://app.smartsheet.com/b/form/5fb5c5e8538e463ab6e0051b0a598d6c,"3442-25 - Gen3RE - South Easton, MA - Hand",3442-25,GEN3RE,Gen3RE,785 Washington Ave,South Easton,MA,Bill Dunn,,"$80,372","$80,371",,Gen3RE - Hand,161,1,,Hand,,,Hand,,,,,,,201,2137,"Mill and pave, 450 linear feet of berm remove and replace.  Reset 15 existing bumpers and pin",,,Unscheduled,,,,,,
https://app.smartsheet.com/b/form/5fb5c5e8538e463ab6e0051b0a598d6c,"3442-25 - Gen3RE - South Easton, MA - Milling",3442-25,GEN3RE,Gen3RE,785 Washington Ave,South Easton,MA,Bill Dunn,,"$80,372","$80,371",,Gen3RE - Milling,171,1,1d,Milling,,0,Milling,,,,,,,201,2137,"Mill and pave, 450 linear feet of berm remove and replace.  Reset 15 existing bumpers and pin",05/06/26,05/06/26,Scheduled,,,,,,
https://app.smartsheet.com/b/form/5fb5c5e8538e463ab6e0051b0a598d6c,"3442-25 - Gen3RE - South Easton, MA - Paving",3442-25,GEN3RE,Gen3RE,785 Washington Ave,South Easton,MA,Bill Dunn,,"$80,372","$80,371",,Gen3RE - Paving,165,1,1d,Paving,,0,Paving,,,,,,,201,2137,"Mill and pave, 450 linear feet of berm remove and replace.  Reset 15 existing bumpers and pin",05/07/26,05/07/26,,,,,,,
https://app.smartsheet.com/b/form/5fb5c5e8538e463ab6e0051b0a598d6c,"3194-25 - Greenbriar estates - Gemini property - North Reading, MA - Milling",3194-25,Gemini - Greenbriar,Greenbriar estates - Gemini property,7 Greenbriar Drive,North Reading,MA,Bill Dunn,,"$203,201","$203,201",,Greenbriar estates - Gemini property - Milling,172,2,2d,Milling,,0,Milling,,,,,,,875,8676,"Mill and pave 7616 sq yards,  1.5"" cold plane and pave 1061 sq yards 3.5""",08/03/26,08/04/26,Scheduled,,,,,,
https://app.smartsheet.com/b/form/5fb5c5e8538e463ab6e0051b0a598d6c,"3194-25 - Greenbriar estates - Gemini property - North Reading, MA - Paving",3194-25,Gemini - Greenbriar,Greenbriar estates - Gemini property,7 Greenbriar Drive,North Reading,MA,Bill Dunn,,"$203,201","$203,201",,Greenbriar estates - Gemini property - Paving,166,2,2d,Paving,,0,Paving,,,,,,,875,8676,"Mill and pave 7616 sq yards,  1.5"" cold plane and pave 1061 sq yards 3.5""",08/05/26,08/06/26,Scheduled,,,,,,
https://app.smartsheet.com/b/form/5fb5c5e8538e463ab6e0051b0a598d6c,"3194-25 - Greenbriar estates - Gemini property - North Reading, MA - Grading",3194-25,Gemini - Greenbriar,Greenbriar estates - Gemini property,7 Greenbriar Drive,North Reading,MA,Bill Dunn,,"$203,201","$203,201",,Greenbriar estates - Gemini property - Reclaim/Grading,169,1,,Reclaim/Grading,,,,,,,,,,875,8676,"Mill and pave 7616 sq yards,  1.5"" cold plane and pave 1061 sq yards 3.5""",,,,,,,,,
https://app.smartsheet.com/b/form/5fb5c5e8538e463ab6e0051b0a598d6c,"3299-25 - ISGL TEMPLE - Chelmsford, MA - Milling",3299-25,ISGL TEMPLE,ISGL TEMPLE,5 courthouse lane,Chelmsford,MA,Bill Dunn,,"$81,289","$81,289",,ISGL TEMPLE - Milling,130,1,1d,Milling,,0,Milling,Subcontractor B,,,,,,290,3129,"Mill and pave 1.5"" spec. Pat lines $3500",04/16/26,04/16/26,Scheduled,,,,,,
https://app.smartsheet.com/b/form/5fb5c5e8538e463ab6e0051b0a598d6c,"3299-25 - ISGL TEMPLE - Chelmsford, MA - Paving",3299-25,ISGL TEMPLE,ISGL TEMPLE,5 courthouse lane,Chelmsford,MA,Bill Dunn,,"$81,289","$81,289",,ISGL TEMPLE - Paving,134,0.75,1d,Paving,,0.25,Paving,Subcontractor B,,,,,,290,3129,"Mill and pave 1.5"" spec. Pat lines $3500",04/22/26,04/22/26,Scheduled,,,,,,
https://app.smartsheet.com/b/form/5fb5c5e8538e463ab6e0051b0a598d6c,"2932-25 - Jason - Hudson, MA - Hand",2932-25,428 Main st Hudson Hudson LLC,Jason,428 Main St,Hudson,MA,Scott Milbury,,"$12,352","$12,351",,Jason - Hand,128,1,0.5d,Hand,,-0.5,Hand,,,,,,,30,154,Plus 3 rebuilds,04/10/26,04/10/26,Scheduled,,,,,,
https://app.smartsheet.com/b/form/5fb5c5e8538e463ab6e0051b0a598d6c,"3224-25 - Joey - Portsmouth, NH - Crackfill",3224-25,AAM15,Joey,260 Rockland,Portsmouth,NH,Scott Milbury,,"$115,590","$115,589",,Joey - Crackfill,140,2,0.5d,Crackfill,,-1.5,Crackfill,,,,,,,130,662,"$22000 catch basin and pipe fodera
$6950 dumpster pad
$12,500 prep area",04/27/26,04/27/26,Scheduled,,,,,,
https://app.smartsheet.com/b/form/5fb5c5e8538e463ab6e0051b0a598d6c,"3224-25 - Joey - Portsmouth, NH - Paving",3224-25,AAM15,Joey,260 Rockland,Portsmouth,NH,Scott Milbury,,"$115,590","$115,589",,Joey - Paving,136,0.5,0.5d,Paving,,0,Hand,Subcontractor B,,,,,,130,662,"$22000 catch basin and pipe fodera
$6950 dumpster pad
$12,500 prep area",04/09/26,04/09/26,Scheduled,,,,,,
https://app.smartsheet.com/b/form/5fb5c5e8538e463ab6e0051b0a598d6c,"3452-25 - Leewood realty - Haverhill, MA - Milling",3452-25,Leewood realty,Leewood realty,64  Newark,Haverhill,MA,Bill Dunn,,"$684,843","$684,843","$337,705.00",Leewood realty - Milling,170,1,1d,Milling,,0,Milling,,,,,,,4451,13183,"Milland pave, reclaim and paver, pat will do lines,  $3500 concrete is $26./Sq billy Flynn $4960 for bollards",07/06/26,07/06/26,Scheduled,,,,,,
https://app.smartsheet.com/b/form/5fb5c5e8538e463ab6e0051b0a598d6c,"3452-25 - Leewood realty - Haverhill, MA - Paving",3452-25,Leewood realty,Leewood realty,64  Newark,Haverhill,MA,Bill Dunn,,"$684,843","$684,843","$337,705.00",Leewood realty - Paving,164,7,4d,Paving,,-3,Paving,,,,,,,4451,13183,"Milland pave, reclaim and paver, pat will do lines,  $3500 concrete is $26./Sq billy Flynn $4960 for bollards",07/06/26,07/09/26,Scheduled,,,,,,
https://app.smartsheet.com/b/form/5fb5c5e8538e463ab6e0051b0a598d6c,"3452-25 - Leewood realty - Haverhill, MA - Pulverizing",3452-25,Leewood realty,Leewood realty,64  Newark,Haverhill,MA,Bill Dunn,,"$684,843","$684,843","$337,705.00",Leewood realty - Pulverizing,159,2,4d,Pulverizing,,2,Reclaim/Grading,,,,,,,4451,13183,"Milland pave, reclaim and paver, pat will do lines,  $3500 concrete is $26./Sq billy Flynn $4960 for bollards",07/07/26,07/10/26,Scheduled,,,,,,
https://app.smartsheet.com/b/form/5fb5c5e8538e463ab6e0051b0a598d6c,"3344-25 - Mark - Coventry, RI - Paving",3344-25,Boston Scientific,Mark,8 Industrial Drive,Coventry,RI,Scott Milbury,,"$259,070","$259,070",,Mark - Paving,187,2,2d,Paving,,0,Paving,Subcontractor A,,,,,,1269,5666,"$12,500 for concrete pad $12,500 for retaining wall  James Fodera",04/27/26,04/28/26,Scheduled,,,,,,
https://app.smartsheet.com/b/form/5fb5c5e8538e463ab6e0051b0a598d6c,"3344-25 - Mark - Coventry, RI - Grading",3344-25,Boston Scientific,Mark,8 Industrial Drive,Coventry,RI,Scott Milbury,,"$253,250","$253,250",,Mark - Reclaim/Grading,197,2,2d,Reclaim/Grading,,0,Reclaim/Grading,,,,,,,1269,5666,"$12,500 for concrete pad $12,500 for retaining wall  James Fodera",04/23/26,04/24/26,Scheduled,,,,,,
https://app.smartsheet.com/b/form/5fb5c5e8538e463ab6e0051b0a598d6c,"FJ-0222-26 - Peter Kerger - Medford, MA - Hand",FJ-0222-26,Medford DPW,Peter Kerger,City of Medford,Medford,MA,Dan D'Ambrosio,,,$0,,Peter Kerger - Hand,229,5,57d,Hand,,-1,Hand,,,,,,Pave,15,,Dow term contract,02/27/26,04/24/26,Scheduled,,TRUE,,,,
https://app.smartsheet.com/b/form/5fb5c5e8538e463ab6e0051b0a598d6c,"FJ-0222-26 - Peter Kerger - Medford, MA - Hand - Day 1",FJ-0222-26,Medford DPW,Peter Kerger,City of Medford,,,Dan D'Ambrosio,,,$0,,Peter Kerger - Hand,228,5,1d,Hand,,-4,Hand,,,,,,Pave,15,,Dow term contract,03/27/26,03/27/26,Scheduled,Day 1,,,,,
https://app.smartsheet.com/b/form/5fb5c5e8538e463ab6e0051b0a598d6c,"FJ-0222-26 - Peter Kerger - Medford, MA - Hand - Day 2",FJ-0222-26,Medford DPW,Peter Kerger,City of Medford,,,Dan D'Ambrosio,,,$0,,Peter Kerger - Hand,182,5,1d,Hand,,-4,Hand,,,,,,Pave,15,,Dow term contract,02/27/26,02/27/26,Scheduled,Day 2,,,,,
https://app.smartsheet.com/b/form/5fb5c5e8538e463ab6e0051b0a598d6c,"FJ-0222-26 - Peter Kerger - Medford, MA - Hand - Day 3",FJ-0222-26,Medford DPW,Peter Kerger,City of Medford,,,Dan D'Ambrosio,,,$0,,Peter Kerger - Hand,184,5,,Hand,,,Hand,,,,,,Pave,15,,Dow term contract,,,Unscheduled,Day 3,,,,,
https://app.smartsheet.com/b/form/5fb5c5e8538e463ab6e0051b0a598d6c,"FJ-0222-26 - Peter Kerger - Medford, MA - Hand - Day 4",FJ-0222-26,Medford DPW,Peter Kerger,City of Medford,,,Dan D'Ambrosio,,,$0,,Peter Kerger - Hand,185,5,1d,Hand,,-4,Hand,,,,,,Pave,15,,Dow term contract,04/17/26,04/17/26,Scheduled,Day 4,,,,,
https://app.smartsheet.com/b/form/5fb5c5e8538e463ab6e0051b0a598d6c,"FJ-0222-26 - Peter Kerger - Medford, MA - Hand - Day 5",FJ-0222-26,Medford DPW,Peter Kerger,City of Medford,,,Dan D'Ambrosio,,,$0,,Peter Kerger - Hand,183,5,1d,Hand,,-4,Hand,,,,,,Pave,15,,Dow term contract,04/24/26,04/24/26,Scheduled,Day 5,,,,,
https://app.smartsheet.com/b/form/5fb5c5e8538e463ab6e0051b0a598d6c,"3330-25 - PMA - Brickett Hill - Haverhill, MA - Crackfill",3330-25,PMA - Brickett Hill,PMA - Brickett Hill,39-43 Brickett Hill,Haverhill,MA,Bill Dunn,,"$48,477","$48,476",,PMA - Brickett Hill - Crackfill,138,1,,Crackfill,,,Crackfill,,,,,,,120,500,"1 catch basin rebuild, cut and patch ( iris Circle) install 3 speed bumps - full depth replacement  4 "" spec",,,Unscheduled,,,,,,
https://app.smartsheet.com/b/form/5fb5c5e8538e463ab6e0051b0a598d6c,"3330-25 - PMA - Brickett Hill - Haverhill, MA - Paving",3330-25,PMA - Brickett Hill,PMA - Brickett Hill,39-43 Brickett Hill,Haverhill,MA,Bill Dunn,,"$48,477","$48,476",,PMA - Brickett Hill - Paving,133,0.5,1d,Paving,,0.5,Hand,,,,,,,120,500,"1 catch basin rebuild, cut and patch ( iris Circle) install 3 speed bumps - full depth replacement  4 "" spec",04/20/26,04/20/26,Scheduled,,,,,,
https://app.smartsheet.com/b/form/5fb5c5e8538e463ab6e0051b0a598d6c,"3337-25 - PMA - JIM - Tewksbury, MA - Hand",3337-25,Pma- Indian Ridge,PMA - JIM,259-278 Apache Way,Tewksbury,MA,Bill Dunn,,"$26,420","$26,420",,PMA - JIM - Hand,160,2,,Hand,,,Hand,,,,,,,52,309,CUTAND patch ( Full depth 8 locations),,,Unscheduled,,,,,,
https://app.smartsheet.com/b/form/5fb5c5e8538e463ab6e0051b0a598d6c,"3449-25 - The Dartmouth Group - Somerville, MA - Hand",3449-25,The Dartmouth Group - Metro 9,The Dartmouth Group,9 Medford Street,Somerville,MA,Bill Dunn,,"$17,318","$17,317",,The Dartmouth Group - Hand,124,1,1d,Hand,,0,Hand,,,,,,,34,175,"175 sq yards, hand crew, pat will line 900.00",04/13/26,04/13/26,Complete,,,,,,
https://app.smartsheet.com/b/form/5fb5c5e8538e463ab6e0051b0a598d6c,"3476-25 - The guild - Billerica, MA - Hand",3476-25,The Guild of human services,The guild,9 Janice,Billerica,MA,Bill Dunn,,"$10,728","$10,728",,The guild - Hand,123,1,2d,Hand,,1,Hand,,,,,,,26,133,New driveway install,05/26/26,05/27/26,Scheduled,,,,,,
https://app.smartsheet.com/b/form/5fb5c5e8538e463ab6e0051b0a598d6c,"FJ-0200-26 - Tim - N reading, MA - Hand",FJ-0200-26,Delaware Valley Paving,Tim,93 Concord st,N reading,MA,Scott Milbury,,"$4,600","$4,600",,Tim - Hand,122,0.5,1d,Hand,,0.5,Hand,,,,,,,13,65,,03/19/26,03/19/26,Complete,,,TRUE,BILL-122,,
https://app.smartsheet.com/b/form/5fb5c5e8538e463ab6e0051b0a598d6c,"3274-25 - Tom - Danvers, MA - Hand",3274-25,Popes landing marine,Tom,10 Harbour st,Danvers,MA,Scott Milbury,,"$2,446","$2,446",,Tom - Hand,126,0.3,0.3d,Hand,,0,Crackfill,,,,,,,2.5,12,$2000 for our crew crackfill,04/14/26,04/14/26,Cancelled,,,,,,
https://app.smartsheet.com/b/form/5fb5c5e8538e463ab6e0051b0a598d6c,"3505-25 - Will - Marblehead, MA - Grading",3505-25,Deulis,Will,5 woodfin terrace,Marblehead,MA,Scott Milbury,,"$72,807","$72,806",,Will - Reclaim/Grading,334,1,,Reclaim/Grading,,,,,,,,,,333,1700,$4000for rated work,,,,,,,,,
https://app.smartsheet.com/b/form/5fb5c5e8538e463ab6e0051b0a598d6c,"3505-25 - Will - Marblehead, MA - Paving",3505-25,Deulis,Will,5 woodfin terrace,Marblehead,MA,Scott Milbury,,"$72,807","$72,806",,Will - Paving,163,1,1d,Paving,,0,Paving,,,,,,,333,1700,$4000for rated work,04/21/26,04/21/26,Scheduled,,,,,,
https://app.smartsheet.com/b/form/5fb5c5e8538e463ab6e0051b0a598d6c,"3505-25 - Will - Marblehead, MA - Hand",3505-25,Deulis,Will,5 Woodfin Terrace,Marblehead,MA,Scott Milbury,,"$71,033","$71,033",,Will - Hand,189,1,1d,Hand,,0,Hand,,,,,,,333,1700,$4000for rated work,04/14/26,04/14/26,Complete,,,TRUE,BILL-189,,
https://app.smartsheet.com/b/form/5fb5c5e8538e463ab6e0051b0a598d6c,"FJ-0223-26 - Kimberly - Boston, MA - Hand",FJ-0223-26,MassPort,Kimberly,Logan Airport,Boston,MA,Dan D'Ambrosio,,,$0,"$100,000.00",Kimberly - Hand,195,20,26d,Hand,,-13,Hand,,,,,Cut & Patch,Rebuild,50,,,03/23/26,04/17/26,,,TRUE,,,,
https://app.smartsheet.com/b/form/5fb5c5e8538e463ab6e0051b0a598d6c,"FJ-0223-26 - Kimberly - Boston, MA - Hand - Day 1",FJ-0223-26,MAssport,Kimberly,Logan Airport,,,Dan D'Ambrosio,,,$0,"$100,000.00",Kimberly - Hand,204,20,1d,Hand,,-19,Hand,,,,,Cut & Patch,Rebuild,50,,,03/23/26,03/23/26,Cancelled,Day 1,,,,,
https://app.smartsheet.com/b/form/5fb5c5e8538e463ab6e0051b0a598d6c,"FJ-0223-26 - Kimberly - Boston, MA - Hand - Day 2",FJ-0223-26,MAssport,Kimberly,Logan Airport,,,Dan D'Ambrosio,,,$0,"$100,000.00",Kimberly - Hand,207,20,1d,Hand,,-19,Hand,,,,,Cut & Patch,Rebuild,50,,,03/26/26,03/26/26,Complete,Day 2,,TRUE,BILL-207,,
https://app.smartsheet.com/b/form/5fb5c5e8538e463ab6e0051b0a598d6c,"FJ-0223-26 - Kimberly - Boston, MA - Hand - Day 3",FJ-0223-26,MAssport,Kimberly,Logan Airport,,,Dan D'Ambrosio,,,$0,"$100,000.00",Kimberly - Hand,205,20,1d,Hand,,-19,Hand,,,,,Cut & Patch,Rebuild,50,,,03/24/26,03/24/26,Complete,Day 3,,TRUE,BILL-205,,
https://app.smartsheet.com/b/form/5fb5c5e8538e463ab6e0051b0a598d6c,"FJ-0223-26 - Kimberly - Boston, MA - Hand - Day 4",FJ-0223-26,MAssport,Kimberly,Logan Airport,,,Dan D'Ambrosio,,,$0,"$100,000.00",Kimberly - Hand,370,20,1d,Hand,,-19,Hand,,,,,Cut & Patch,Rebuild,50,,,04/01/26,04/01/26,Complete,Day 4,,TRUE,BILL-370,,
https://app.smartsheet.com/b/form/5fb5c5e8538e463ab6e0051b0a598d6c,"FJ-0223-26 - Kimberly - Boston, MA - Hand - Day 5",FJ-0223-26,MAssport,Kimberly,Logan Airport,,,Dan D'Ambrosio,,,$0,"$100,000.00",Kimberly - Hand,371,20,1d,Hand,,-19,Hand,,,,,Cut & Patch,Rebuild,50,,,04/02/26,04/02/26,Complete,Day 5,,TRUE,BILL-371,,
https://app.smartsheet.com/b/form/5fb5c5e8538e463ab6e0051b0a598d6c,"FJ-0223-26 - Kimberly - Boston, MA - Hand - Day 6",FJ-0223-26,MAssport,Kimberly,Logan Airport,,,Dan Dambro,,,$0,"$100,000.00",Kimberly - Hand,408,20,1d,Hand,,-19,Milling,,,,,Cut & Patch,Rebuild,50,,night shift mill and pave for mill crew Thursday night /fri morning,04/17/26,04/17/26,Scheduled,Day 6,,,,,
https://app.smartsheet.com/b/form/5fb5c5e8538e463ab6e0051b0a598d6c,"FJ-0223-26 - Kimberly - Boston, MA - Hand - Day 7",FJ-0223-26,MAssport,Kimberly,Logan Airport,,,Dan Dambro,,,$0,"$100,000.00",Kimberly - Hand,409,20,1d,Hand,,-19,Hand,,,,,Cut & Patch,Rebuild,50,,,03/31/26,03/31/26,Scheduled,Day 7,,,,,
https://app.smartsheet.com/b/form/5fb5c5e8538e463ab6e0051b0a598d6c,"FJ-0224-26 - Brendan coolidge - Hamden, MA - Hand",FJ-0224-26,ej electric,Brendan coolidge,32 bayberry road hampden,Hamden,MA,Dan D'Ambrosio,,,$0,,Brendan coolidge - Hand,224,2,2d,Hand,,0,Hand,,,,,berm and patching,"Berm
C/P",12 tons berm /11 ton patching,55,,03/23/26,03/24/26,Complete,,,TRUE,BILL-224,,
https://app.smartsheet.com/b/form/5fb5c5e8538e463ab6e0051b0a598d6c,"3622-26 - Dave - North Reading, MA - Hand",3622-26,North Reading Subaru,Dave,260 main Streetr,North Reading,MA,Bill Dunn,,"$1,809","$1,809",,Dave - Hand,236,0.3,1d,Hand,,0.7,Hand,,,,,,,,1,Concrete catch basin frame and cover,03/27/26,03/27/26,Complete,,,TRUE,BILL-236,,
https://app.smartsheet.com/b/form/5fb5c5e8538e463ab6e0051b0a598d6c,"3617-26 - John - MAnchester, NH - Hand",3617-26,Evergreen Mgt,John,64 Dunbarton road,MAnchester,NH,Bill Dunn,,"$11,571","$11,571",,John - Hand,237,1,1d,Hand,,0,Hand,,,,,,,6,21,"Sinkhole- cut and patch, excavate area 15' x 12. Fill in sinkhole with processed gravel and compact",03/20/26,03/20/26,Complete,,,TRUE,BILL-237,,
https://app.smartsheet.com/b/form/5fb5c5e8538e463ab6e0051b0a598d6c,"3621-26 - Brenton - Stoneham, MA - Hand",3621-26,Magnolia siteworks,Brenton,115 main street,Stoneham,MA,Bill Dunn,,"$8,516","$8,516","$6,804.00",Brenton - Hand,238,0.5,1d,Hand,,0.5,Hand,,,,,,,18,128,"Pave only 4""",03/25/26,03/25/26,Complete,,,TRUE,BILL-238,,
https://app.smartsheet.com/b/form/5fb5c5e8538e463ab6e0051b0a598d6c,"3344-25 - Mark - Coventry, RI - Milling",3344-25,Boston Scientific,Mark,8 Industrial Drive,Coventry,RI,Scott Milbury,,"$259,070","$259,070",,Mark - Milling,249,2,,Milling,,,,,,,,,,1269,5666,"$12,500 for concrete pad $12,500 for retaining wall  James Fodera",,,,,,,,,
https://app.smartsheet.com/b/form/5fb5c5e8538e463ab6e0051b0a598d6c,"3505-25 - Will - Marblehead, MA - Hand",3505-25,Deulis,Will,5 Woodfin Terrace,Marblehead,MA,Scott Milbury,,"$71,033","$71,033",,Will - Hand,251,1,,Hand,,,,,,,,,,333,1700,$4000for rated work,,,,,,,,,
https://app.smartsheet.com/b/form/5fb5c5e8538e463ab6e0051b0a598d6c,"FJ-0229-26 - Bill McDowell - Natick, MA - Hand",FJ-0229-26,Natick,Bill McDowell,bacon st Natick,Natick,MA,Dan D'Ambrosio,,,$0,,Bill McDowell - Hand,252,16,,Hand,,-16,,,,,,,,,,"3400 sq yards sidewalks (600 tons) ,10,000 sq yards milling, 1100 tons top coat , 5340 lf berm,  1800 sq yards loam seed",,,,,TRUE,,,,
https://app.smartsheet.com/b/form/5fb5c5e8538e463ab6e0051b0a598d6c,"FJ-0229-26 - Bill McDowell - Natick, MA - Hand - Day 1",FJ-0229-26,,,,,,,,,$0,,- Hand,258,,,Hand,,,,,,,,,,,,,,,,,,,,,
https://app.smartsheet.com/b/form/5fb5c5e8538e463ab6e0051b0a598d6c,"FJ-0229-26 - Bill McDowell - Natick, MA - Hand - Day 2",FJ-0229-26,,,,,,,,,$0,,- Hand,259,,,Hand,,,,,,,,,,,,,,,,,,,,,
https://app.smartsheet.com/b/form/5fb5c5e8538e463ab6e0051b0a598d6c,"FJ-0229-26 - Bill McDowell - Natick, MA - Hand - Day 3",FJ-0229-26,,,,,,,,,$0,,- Hand,260,,,Hand,,,,,,,,,,,,,,,,,,,,,
https://app.smartsheet.com/b/form/5fb5c5e8538e463ab6e0051b0a598d6c,"FJ-0229-26 - Bill McDowell - Natick, MA - Hand - Day 4",FJ-0229-26,,,,,,,,,$0,,- Hand,261,,,Hand,,,,,,,,,,,,,,,,,,,,,
https://app.smartsheet.com/b/form/5fb5c5e8538e463ab6e0051b0a598d6c,"FJ-0229-26 - Bill McDowell - Natick, MA - Hand",FJ-0229-26,Natick,Bill McDowell,bacon st Natick,Natick,MA,Dan D'Ambrosio,,,$0,,Bill McDowell - Hand,262,16,,Hand,,,,,,,,,,,,"3400 sq yards sidewalks (600 tons) ,10,000 sq yards milling, 1100 tons top coat , 5340 lf berm,  1800 sq yards loam seed",,,,,,,,,
https://app.smartsheet.com/b/form/5fb5c5e8538e463ab6e0051b0a598d6c,"FJ-0229-26 - Bill McDowell - Natick, MA - Hand",FJ-0229-26,Natick,Bill McDowell,bacon st Natick,Natick,MA,Dan D'Ambrosio,,,$0,,Bill McDowell - Hand,263,16,,Hand,,,,,,,,,,,,"3400 sq yards sidewalks (600 tons) ,10,000 sq yards milling, 1100 tons top coat , 5340 lf berm,  1800 sq yards loam seed",,,,,,,,,
https://app.smartsheet.com/b/form/5fb5c5e8538e463ab6e0051b0a598d6c,"FJ-0229-26 - Bill McDowell - Natick, MA - Hand",FJ-0229-26,Natick,Bill McDowell,bacon st Natick,Natick,MA,Dan D'Ambrosio,,,$0,,Bill McDowell - Hand,264,16,,Hand,,,,,,,,,,,,"3400 sq yards sidewalks (600 tons) ,10,000 sq yards milling, 1100 tons top coat , 5340 lf berm,  1800 sq yards loam seed",,,,,,,,,
https://app.smartsheet.com/b/form/5fb5c5e8538e463ab6e0051b0a598d6c,"FJ-0229-26 - Bill McDowell - Natick, MA - Hand",FJ-0229-26,Natick,Bill McDowell,bacon st Natick,Natick,MA,Dan D'Ambrosio,,,$0,,Bill McDowell - Hand,265,16,,Hand,,,,,,,,,,,,"3400 sq yards sidewalks (600 tons) ,10,000 sq yards milling, 1100 tons top coat , 5340 lf berm,  1800 sq yards loam seed",,,,,,,,,
https://app.smartsheet.com/b/form/5fb5c5e8538e463ab6e0051b0a598d6c,"FJ-0229-26 - Bill McDowell - Natick, MA - Hand",FJ-0229-26,Natick,Bill McDowell,bacon st Natick,Natick,MA,Dan D'Ambrosio,,,$0,,Bill McDowell - Hand,266,16,,Hand,,,,,,,,,,,,"3400 sq yards sidewalks (600 tons) ,10,000 sq yards milling, 1100 tons top coat , 5340 lf berm,  1800 sq yards loam seed",,,,,,,,,
https://app.smartsheet.com/b/form/5fb5c5e8538e463ab6e0051b0a598d6c,"FJ-0229-26 - Bill McDowell - Natick, MA - Hand",FJ-0229-26,Natick,Bill McDowell,bacon st Natick,Natick,MA,Dan D'Ambrosio,,,$0,,Bill McDowell - Hand,267,16,,Hand,,,,,,,,,,,,"3400 sq yards sidewalks (600 tons) ,10,000 sq yards milling, 1100 tons top coat , 5340 lf berm,  1800 sq yards loam seed",,,,,,,,,
https://app.smartsheet.com/b/form/5fb5c5e8538e463ab6e0051b0a598d6c,"FJ-0229-26 - Bill McDowell - Natick, MA - Hand",FJ-0229-26,Natick,Bill McDowell,bacon st Natick,Natick,MA,Dan D'Ambrosio,,,$0,,Bill McDowell - Hand,268,16,,Hand,,,,,,,,,,,,"3400 sq yards sidewalks (600 tons) ,10,000 sq yards milling, 1100 tons top coat , 5340 lf berm,  1800 sq yards loam seed",,,,,,,,,
https://app.smartsheet.com/b/form/5fb5c5e8538e463ab6e0051b0a598d6c,"FJ-0229-26 - Bill McDowell - Natick, MA - Hand",FJ-0229-26,Natick,Bill McDowell,bacon st Natick,Natick,MA,Dan D'Ambrosio,,,$0,,Bill McDowell - Hand,269,16,,Hand,,,,,,,,,,,,"3400 sq yards sidewalks (600 tons) ,10,000 sq yards milling, 1100 tons top coat , 5340 lf berm,  1800 sq yards loam seed",,,,,,,,,
https://app.smartsheet.com/b/form/5fb5c5e8538e463ab6e0051b0a598d6c,"FJ-0229-26 - Bill McDowell - Natick, MA - Hand",FJ-0229-26,Natick,Bill McDowell,bacon st Natick,Natick,MA,Dan D'Ambrosio,,,$0,,Bill McDowell - Hand,270,16,,Hand,,,,,,,,,,,,"3400 sq yards sidewalks (600 tons) ,10,000 sq yards milling, 1100 tons top coat , 5340 lf berm,  1800 sq yards loam seed",,,,,,,,,
https://app.smartsheet.com/b/form/5fb5c5e8538e463ab6e0051b0a598d6c,"FJ-0229-26 - Bill McDowell - Natick, MA - Hand",FJ-0229-26,Natick,Bill McDowell,bacon st Natick,Natick,MA,Dan D'Ambrosio,,,$0,,Bill McDowell - Hand,271,16,,Hand,,,,,,,,,,,,"3400 sq yards sidewalks (600 tons) ,10,000 sq yards milling, 1100 tons top coat , 5340 lf berm,  1800 sq yards loam seed",,,,,,,,,
https://app.smartsheet.com/b/form/5fb5c5e8538e463ab6e0051b0a598d6c,"FJ-0229-26 - Bill McDowell - Natick, MA - Hand",FJ-0229-26,Natick,Bill McDowell,bacon st Natick,Natick,MA,Dan D'Ambrosio,,,$0,,Bill McDowell - Hand,272,16,,Hand,,,,,,,,,,,,"3400 sq yards sidewalks (600 tons) ,10,000 sq yards milling, 1100 tons top coat , 5340 lf berm,  1800 sq yards loam seed",,,,,,,,,
https://app.smartsheet.com/b/form/5fb5c5e8538e463ab6e0051b0a598d6c,"FJ-0229-26 - Bill McDowell - Natick, MA - Hand",FJ-0229-26,Natick,Bill McDowell,bacon st Natick,Natick,MA,Dan D'Ambrosio,,,$0,,Bill McDowell - Hand,273,16,,Hand,,,,,,,,,,,,"3400 sq yards sidewalks (600 tons) ,10,000 sq yards milling, 1100 tons top coat , 5340 lf berm,  1800 sq yards loam seed",,,,,,,,,
https://app.smartsheet.com/b/form/5fb5c5e8538e463ab6e0051b0a598d6c,"FJ-0229-26 - Bill McDowell - Natick, MA - Paving",FJ-0229-26,Natick,Bill McDowell,bacon st Natick,Natick,MA,Dan D'Ambrosio,,,$0,,Bill McDowell - Paving,253,2,2d,Paving,,0,Paving,,,,,,,,,"3400 sq yards sidewalks (600 tons) ,10,000 sq yards milling, 1100 tons top coat , 5340 lf berm,  1800 sq yards loam seed",07/15/26,07/16/26,Scheduled,,,,,,
https://app.smartsheet.com/b/form/5fb5c5e8538e463ab6e0051b0a598d6c,"FJ-0229-26 - Bill McDowell - Natick, MA - Milling",FJ-0229-26,Natick,Bill McDowell,bacon st Natick,Natick,MA,Dan D'Ambrosio,,,$0,,Bill McDowell - Milling,254,2,2d,Milling,,0,Milling,,,,,,,,,"3400 sq yards sidewalks (600 tons) ,10,000 sq yards milling, 1100 tons top coat , 5340 lf berm,  1800 sq yards loam seed",07/13/26,07/14/26,Scheduled,,,,,,
https://app.smartsheet.com/b/form/5fb5c5e8538e463ab6e0051b0a598d6c,"FJ-0230-26 - Bill McDowell - Natick, MA - Paving",FJ-0230-26,Natick,Bill McDowell,pheasant hollow Natick,Natick,MA,Dan D'Ambrosio,,,$0,,Bill McDowell - Paving,255,1,1d,Paving,,0,Paving,,,,,,,,,"6400 yrds milling , 541 tons top road,2404 ft of berm,350 tons of side walk, load seed etc",04/15/26,04/15/26,Scheduled,,,,,,
https://app.smartsheet.com/b/form/5fb5c5e8538e463ab6e0051b0a598d6c,"FJ-0230-26 - Bill McDowell - Natick, MA - Hand",FJ-0230-26,Natick,Bill McDowell,pheasant hollow Natick,Natick,MA,Dan D'Ambrosio,,,$0,,Bill McDowell - Hand,256,10,7d,Hand,,-7,Hand,,,,,,,,,"6400 yrds milling , 541 tons top road,2404 ft of berm,350 tons of side walk, load seed etc",04/08/26,04/14/26,,,TRUE,,,,
https://app.smartsheet.com/b/form/5fb5c5e8538e463ab6e0051b0a598d6c,"FJ-0230-26 - Bill McDowell - Natick, MA - Hand - Day 1",FJ-0230-26,Natick,Bill McDowell,pheasant hollow Natick,Natick,,Dan D'Ambrosio,,,$0,,Bill McDowell - Hand,329,10,1d,Hand,,-9,Paving,,,,,,,,,"6400 yrds milling , 541 tons top road,2404 ft of berm,350 tons of side walk, load seed etc",04/13/26,04/13/26,Scheduled,Day 1,,,,,
https://app.smartsheet.com/b/form/5fb5c5e8538e463ab6e0051b0a598d6c,"FJ-0230-26 - Bill McDowell - Natick, MA - Hand - Day 2",FJ-0230-26,Natick,Bill McDowell,pheasant hollow Natick,Natick,,Dan D'Ambrosio,,,$0,,Bill McDowell - Hand,326,10,1d,Hand,,-9,Paving,,,,,,,,,"6400 yrds milling , 541 tons top road,2404 ft of berm,350 tons of side walk, load seed etc",04/14/26,04/14/26,Scheduled,Day 2,,,,,
https://app.smartsheet.com/b/form/5fb5c5e8538e463ab6e0051b0a598d6c,"FJ-0230-26 - Bill McDowell - Natick, MA - Hand - Day 3",FJ-0230-26,Natick,Bill McDowell,pheasant hollow Natick,Natick,,Dan D'Ambrosio,,,$0,,Bill McDowell - Hand,331,10,,Hand,,,Hand,,,,,,,,,"6400 yrds milling , 541 tons top road,2404 ft of berm,350 tons of side walk, load seed etc",,,Unscheduled,Day 3,,,,,
https://app.smartsheet.com/b/form/5fb5c5e8538e463ab6e0051b0a598d6c,"FJ-0230-26 - Bill McDowell - Natick, MA - Hand - Day 4",FJ-0230-26,Natick,Bill McDowell,pheasant hollow Natick,Natick,,Dan D'Ambrosio,,,$0,,Bill McDowell - Hand,328,10,,Hand,,,Hand,,,,,,,,,"6400 yrds milling , 541 tons top road,2404 ft of berm,350 tons of side walk, load seed etc",,,Unscheduled,Day 4,,,,,
https://app.smartsheet.com/b/form/5fb5c5e8538e463ab6e0051b0a598d6c,"FJ-0230-26 - Bill McDowell - Natick, MA - Hand - Day 5",FJ-0230-26,Natick,Bill McDowell,pheasant hollow Natick,Natick,,Dan D'Ambrosio,,,$0,,Bill McDowell - Hand,325,10,,Hand,,,Hand,,,,,,,,,"6400 yrds milling , 541 tons top road,2404 ft of berm,350 tons of side walk, load seed etc",,,Unscheduled,Day 5,,,,,
https://app.smartsheet.com/b/form/5fb5c5e8538e463ab6e0051b0a598d6c,"FJ-0230-26 - Bill McDowell - Natick, MA - Hand - Day 6",FJ-0230-26,Natick,Bill McDowell,pheasant hollow Natick,Natick,,Dan D'Ambrosio,,,$0,,Bill McDowell - Hand,333,10,,Hand,,,,,,,,,,,,"6400 yrds milling , 541 tons top road,2404 ft of berm,350 tons of side walk, load seed etc",,,,,,,,,
https://app.smartsheet.com/b/form/5fb5c5e8538e463ab6e0051b0a598d6c,"FJ-0230-26 - Bill McDowell - Natick, MA - Hand - Day 7",FJ-0230-26,Natick,Bill McDowell,pheasant hollow Natick,Natick,,Dan D'Ambrosio,,,$0,,Bill McDowell - Hand,332,10,,Hand,,,,,,,,,,,,"6400 yrds milling , 541 tons top road,2404 ft of berm,350 tons of side walk, load seed etc",,,,,,,,,
https://app.smartsheet.com/b/form/5fb5c5e8538e463ab6e0051b0a598d6c,"FJ-0230-26 - Bill McDowell - Natick, MA - Hand - Day 8",FJ-0230-26,Natick,Bill McDowell,pheasant hollow Natick,Natick,,Dan D'Ambrosio,,,$0,,Bill McDowell - Hand,330,10,,Hand,,,,,,,,,,,,"6400 yrds milling , 541 tons top road,2404 ft of berm,350 tons of side walk, load seed etc",,,,,,,,,
https://app.smartsheet.com/b/form/5fb5c5e8538e463ab6e0051b0a598d6c,"FJ-0230-26 - Bill McDowell - Natick, MA - Hand - Day 9",FJ-0230-26,Natick,Bill McDowell,pheasant hollow Natick,Natick,,Dan D'Ambrosio,,,$0,,Bill McDowell - Hand,327,10,,Hand,,,,,,,,,,,,"6400 yrds milling , 541 tons top road,2404 ft of berm,350 tons of side walk, load seed etc",,,,,,,,,
https://app.smartsheet.com/b/form/5fb5c5e8538e463ab6e0051b0a598d6c,"FJ-0230-26 - Bill McDowell - Natick, MA - Hand - Day 10",FJ-0230-26,Natick,Bill McDowell,pheasant hollow Natick,Natick,,Dan D'Ambrosio,,,$0,,Bill McDowell - Hand,324,10,,Hand,,,,,,,,,,,,"6400 yrds milling , 541 tons top road,2404 ft of berm,350 tons of side walk, load seed etc",,,,,,,,,
https://app.smartsheet.com/b/form/5fb5c5e8538e463ab6e0051b0a598d6c,"FJ-0230-26 - Bill McDowell - Natick, MA - Milling",FJ-0230-26,Natick,Bill McDowell,pheasant hollow Natick,Natick,MA,Dan D'Ambrosio,,,$0,,Bill McDowell - Milling,257,1,1d,Milling,,0,Milling,,,,,,,,,"6400 yrds milling , 541 tons top road,2404 ft of berm,350 tons of side walk, load seed etc",04/08/26,04/08/26,Scheduled,,,,,,
https://app.smartsheet.com/b/form/5fb5c5e8538e463ab6e0051b0a598d6c,"FJ-0234-26 - Bill McDowell - Natick, MA - Grading",FJ-0234-26,Natick,Bill McDowell,second ave,Natick,MA,Dan D'Ambrosio,,,$0,,Bill McDowell - Reclaim/Grading,287,1,5d,Reclaim/Grading,,4,Reclaim/Grading,,,,,,,,,"2800 sq reclaim , 2 days pave split for iron raising",04/13/26,04/17/26,Scheduled,,,,,,
https://app.smartsheet.com/b/form/5fb5c5e8538e463ab6e0051b0a598d6c,"FJ-0231-26 - Bill McDowell - Natick, MA - Milling",FJ-0231-26,Natick,Bill McDowell,pinehurst,Natick,MA,Dan D'Ambrosio,,,$0,,Bill McDowell - Milling,288,0.5,1d,Milling,,0.5,Milling,,,,,,,,,"2040 lf ft berm,2500 sq milling, 10 loads of rip, 150 tons hand work , 2 loads berm, 230 tons top, sub contractor work etc.",04/10/26,04/10/26,Scheduled,,,,,,
https://app.smartsheet.com/b/form/5fb5c5e8538e463ab6e0051b0a598d6c,"FJ-0231-26 - Bill McDowell - Natick, MA - Hand",FJ-0231-26,Natick,Bill McDowell,pinehurst,Natick,MA,Dan D'Ambrosio,,,$0,,Bill McDowell - Hand,289,7,,Hand,,-7,,,,,,,,,,"2040 lf ft berm,2500 sq milling, 10 loads of rip, 150 tons hand work , 2 loads berm, 230 tons top, sub contractor work etc.",,,,,TRUE,,,,
https://app.smartsheet.com/b/form/5fb5c5e8538e463ab6e0051b0a598d6c,"FJ-0231-26 - Bill McDowell - Natick, MA - Hand - Day 1",FJ-0231-26,Natick,Bill McDowell,Pinehurst,Natick,MA,Dan D'Ambrosio,,,$0,,Bill McDowell - Hand,322,7,,Hand,,,,,,,,,,,,"2040 lf ft berm,2500 sq milling, 10 loads of rip, 150 tons hand work , 2 loads berm, 230 tons top, sub contractor work etc.",,,,,,,,,
https://app.smartsheet.com/b/form/5fb5c5e8538e463ab6e0051b0a598d6c,"FJ-0231-26 - Bill McDowell - Natick, MA - Hand - Day 2",FJ-0231-26,Natick,Bill McDowell,Pinehurst,Natick,MA,Dan D'Ambrosio,,,$0,,Bill McDowell - Hand,319,7,,Hand,,,,,,,,,,,,"2040 lf ft berm,2500 sq milling, 10 loads of rip, 150 tons hand work , 2 loads berm, 230 tons top, sub contractor work etc.",,,,,,,,,
https://app.smartsheet.com/b/form/5fb5c5e8538e463ab6e0051b0a598d6c,"FJ-0231-26 - Bill McDowell - Natick, MA - Hand - Day 3",FJ-0231-26,Natick,Bill McDowell,Pinehurst,Natick,MA,Dan D'Ambrosio,,,$0,,Bill McDowell - Hand,318,7,,Hand,,,,,,,,,,,,"2040 lf ft berm,2500 sq milling, 10 loads of rip, 150 tons hand work , 2 loads berm, 230 tons top, sub contractor work etc.",,,,,,,,,
https://app.smartsheet.com/b/form/5fb5c5e8538e463ab6e0051b0a598d6c,"FJ-0231-26 - Bill McDowell - Natick, MA - Hand - Day 4",FJ-0231-26,Natick,Bill McDowell,Pinehurst,Natick,MA,Dan D'Ambrosio,,,$0,,Bill McDowell - Hand,316,7,,Hand,,,,,,,,,,,,"2040 lf ft berm,2500 sq milling, 10 loads of rip, 150 tons hand work , 2 loads berm, 230 tons top, sub contractor work etc.",,,,,,,,,
https://app.smartsheet.com/b/form/5fb5c5e8538e463ab6e0051b0a598d6c,"FJ-0231-26 - Bill McDowell - Natick, MA - Hand - Day 5",FJ-0231-26,Natick,Bill McDowell,Pinehurst,Natick,MA,Dan D'Ambrosio,,,$0,,Bill McDowell - Hand,323,7,,Hand,,,,,,,,,,,,"2040 lf ft berm,2500 sq milling, 10 loads of rip, 150 tons hand work , 2 loads berm, 230 tons top, sub contractor work etc.",,,,,,,,,
https://app.smartsheet.com/b/form/5fb5c5e8538e463ab6e0051b0a598d6c,"FJ-0231-26 - Bill McDowell - Natick, MA - Hand - Day 6",FJ-0231-26,Natick,Bill McDowell,Pinehurst,Natick,MA,Dan D'Ambrosio,,,$0,,Bill McDowell - Hand,321,7,,Hand,,,,,,,,,,,,"2040 lf ft berm,2500 sq milling, 10 loads of rip, 150 tons hand work , 2 loads berm, 230 tons top, sub contractor work etc.",,,,,,,,,
https://app.smartsheet.com/b/form/5fb5c5e8538e463ab6e0051b0a598d6c,"FJ-0231-26 - Bill McDowell - Natick, MA - Hand - Day 7",FJ-0231-26,Natick,Bill McDowell,Pinehurst,Natick,MA,Dan D'Ambrosio,,,$0,,Bill McDowell - Hand,320,7,,Hand,,,,,,,,,,,,"2040 lf ft berm,2500 sq milling, 10 loads of rip, 150 tons hand work , 2 loads berm, 230 tons top, sub contractor work etc.",,,,,,,,,
https://app.smartsheet.com/b/form/5fb5c5e8538e463ab6e0051b0a598d6c,"FJ-0231-26 - Bill McDowell - Natick, MA - Hand - Day 8",FJ-0231-26,Natick,Bill McDowell,Pinehurst,Natick,MA,Dan D'Ambrosio,,,$0,,Bill McDowell - Hand,317,7,,Hand,,,,,,,,,,,,"2040 lf ft berm,2500 sq milling, 10 loads of rip, 150 tons hand work , 2 loads berm, 230 tons top, sub contractor work etc.",,,,,,,,,
https://app.smartsheet.com/b/form/5fb5c5e8538e463ab6e0051b0a598d6c,"FJ-0231-26 - Bill McDowell - Natick, MA - Hand - Day 9",FJ-0231-26,Natick,Bill McDowell,Pinehurst,Natick,MA,Dan D'Ambrosio,,,$0,,Bill McDowell - Hand,290,0.5,,Hand,,,,,,,,,,,,"2040 lf ft berm,2500 sq milling, 10 loads of rip, 150 tons hand work , 2 loads berm, 230 tons top, sub contractor work etc.",,,,,,,,,
https://app.smartsheet.com/b/form/5fb5c5e8538e463ab6e0051b0a598d6c,"FJ-0233-26 - Bill McDowell - Natick, MA - Grading",FJ-0233-26,Natick,Bill McDowell,coolidge st,Natick,MA,Dan D'Ambrosio,,,$0,,Bill McDowell - Reclaim/Grading,291,1,,Reclaim/Grading,,,Reclaim/Grading,,,,,,,,,"1430 reclaim , load 1/2 side walks out , 250 roadway mix , 140 sidewalk mix 1 day pave crew for both",,,Unscheduled,,,,,,
https://app.smartsheet.com/b/form/5fb5c5e8538e463ab6e0051b0a598d6c,"FJ-0234-26 - Bill McDowell - Natick, MA - Pulverizing",FJ-0234-26,Natick,Bill McDowell,second ave,Natick,MA,Dan D'Ambrosio,,,$0,,Bill McDowell - Pulverizing,292,1,,Pulverizing,,,,,,,,,,,,"2800 sq reclaim , 2 days pave split for iron raising",,,,,,,,,
https://app.smartsheet.com/b/form/5fb5c5e8538e463ab6e0051b0a598d6c,"FJ-0230-26 - Bill McDowell - Natick, MA - Milling",FJ-0230-26,Natick,Bill McDowell,pheasant hollow Natick,Natick,MA,Dan D'Ambrosio,,,$0,,Bill McDowell - Milling,294,1,1d,Milling,,0,Milling,,,,,,,,,"6400 yrds milling , 541 tons top road,2404 ft of berm,350 tons of side walk, load seed etc",04/09/26,04/09/26,Scheduled,,,,,,
https://app.smartsheet.com/b/form/5fb5c5e8538e463ab6e0051b0a598d6c,"FJ-0229-26 - Bill McDowell - Natick, MA - Paving",FJ-0229-26,Natick,Bill McDowell,bacon st Natick,Natick,MA,Dan D'Ambrosio,,,$0,,Bill McDowell - Paving,295,2,,Paving,,,Paving,,,,,,,,,"3400 sq yards sidewalks (600 tons) ,10,000 sq yards milling, 1100 tons top coat , 5340 lf berm,  1800 sq yards loam seed",,,Unscheduled,,,,,,
https://app.smartsheet.com/b/form/5fb5c5e8538e463ab6e0051b0a598d6c,"FJ-0223-26 - Kimberly - Boston, MA - Hand",FJ-0223-26,MassPort,Kimberly,Logan Airport,Boston,MA,Dan D'Ambrosio,,,$0,,Kimberly - Hand,299,20,,Hand,,,,,,,,Cut & Patch,Rebuild,50,,,,,,,,,,,
https://app.smartsheet.com/b/form/5fb5c5e8538e463ab6e0051b0a598d6c,"FJ-0224-26 - Brendan coolidge - Hamden, MA - Hand",FJ-0224-26,ej electric,Brendan coolidge,32 bayberry road hampden,Hamden,MA,Dan D'Ambrosio,,,$0,,Brendan coolidge - Hand,300,2,,Hand,,,,,,,,berm and patching,"Berm
C/P",12 tons berm /11 ton patching,55,,,,,,,,,,
https://app.smartsheet.com/b/form/5fb5c5e8538e463ab6e0051b0a598d6c,"FJ-0233-26 - Bill McDowell - Natick, MA - Grading",FJ-0233-26,Natick,Bill McDowell,coolidge st,Natick,MA,Dan D'Ambrosio,,,$0,,Bill McDowell - Reclaim/Grading,303,1,,Reclaim/Grading,,,,,,,,,,,,"1430 reclaim , load 1/2 side walks out , 250 roadway mix , 140 sidewalk mix 1 day pave crew for both",,,,,,,,,
https://app.smartsheet.com/b/form/5fb5c5e8538e463ab6e0051b0a598d6c,"3505-25 - Will - Marblehead, MA - Grading",3505-25,Deulis,Will,5 woodfin terrace,Marblehead,MA,Scott Milbury,,"$72,807","$72,806",,Will - Reclaim/Grading,307,1,,Reclaim/Grading,,,,,,,,,,333,1700,$4000for rated work,,,,,,,,,
https://app.smartsheet.com/b/form/5fb5c5e8538e463ab6e0051b0a598d6c,"FJ-0235-26 - Bill McDowell - Natick, MA - Hand",FJ-0235-26,"Natick, Town of",Bill McDowell,1 Glen Road,Natick,MA,Dan D'Ambrosio,,"$100,000","$100,000",,Bill McDowell - Hand,311,4,,Hand,,-4,,,,None Required,,,,900,,"Mill & Pave 8,533 Square Yards = 720 tons | 3,200 LF Berm R&R | 175 Tons of Sidewalk | Loam & Seed",,,,,TRUE,,,,
https://app.smartsheet.com/b/form/5fb5c5e8538e463ab6e0051b0a598d6c,"FJ-0235-26 - Bill McDowell - Natick, MA - Hand - Day 1",FJ-0235-26,"Natick, Town of",Bill McDowelll,1 Glen Road,Natick,MA,Dan D'Ambrosio,,"$100,000","$100,000",,Bill McDowelll - Hand,312,4,,Hand,,,,,,None Required,,,,900,,"Mill & Pave 8,533 Square Yards = 720 tons | 3,200 LF Berm R&R | 175 Tons of Sidewalk | Loam & Seed",,,,,,,,,
https://app.smartsheet.com/b/form/5fb5c5e8538e463ab6e0051b0a598d6c,"FJ-0235-26 - Bill McDowell - Natick, MA - Hand - Day 2",FJ-0235-26,"Natick, Town of",Bill McDowelll,1 Glen Road,Natick,MA,Dan D'Ambrosio,,"$100,000","$100,000",,Bill McDowelll - Hand,313,4,,Hand,,,,,,None Required,,,,900,,"Mill & Pave 8,533 Square Yards = 720 tons | 3,200 LF Berm R&R | 175 Tons of Sidewalk | Loam & Seed",,,,,,,,,
https://app.smartsheet.com/b/form/5fb5c5e8538e463ab6e0051b0a598d6c,"FJ-0235-26 - Bill McDowell - Natick, MA - Hand - Day 3",FJ-0235-26,"Natick, Town of",Bill McDowelll,1 Glen Road,Natick,MA,Dan D'Ambrosio,,"$100,000","$100,000",,Bill McDowelll - Hand,314,4,,Hand,,,,,,None Required,,,,900,,"Mill & Pave 8,533 Square Yards = 720 tons | 3,200 LF Berm R&R | 175 Tons of Sidewalk | Loam & Seed",,,,,,,,,
https://app.smartsheet.com/b/form/5fb5c5e8538e463ab6e0051b0a598d6c,"FJ-0235-26 - Bill McDowell - Natick, MA - Hand - Day 4",FJ-0235-26,"Natick, Town of",Bill McDowelll,1 Glen Road,Natick,MA,Dan D'Ambrosio,,"$100,000","$100,000",,Bill McDowelll - Hand,315,4,,Hand,,,,,,None Required,,,,900,,"Mill & Pave 8,533 Square Yards = 720 tons | 3,200 LF Berm R&R | 175 Tons of Sidewalk | Loam & Seed",,,,,,,,,
https://app.smartsheet.com/b/form/5fb5c5e8538e463ab6e0051b0a598d6c,"FJ-0235-26 - Bill McDowell - Natick, MA - Paving",FJ-0235-26,"Natick, Town of",Bill McDowell,1 Glen Road,Natick,MA,Dan D'Ambrosio,,"$100,000","$100,000",,Bill McDowell - Paving,308,1.5,1d,Paving,,-0.5,Paving,,,None Required,,,,900,,"Mill & Pave 8,533 Square Yards = 720 tons | 3,200 LF Berm R&R | 175 Tons of Sidewalk | Loam & Seed",04/23/26,04/23/26,Scheduled,,,,,,
https://app.smartsheet.com/b/form/5fb5c5e8538e463ab6e0051b0a598d6c,"3505-25 - Will - Marblehead, MA - Grading",3505-25,Deulis,Will,5 woodfin terrace,Marblehead,MA,Scott Milbury,,"$72,807","$72,806",,Will - Reclaim/Grading,309,1,,Reclaim/Grading,,,,,,,,,,333,1700,$4000for rated work,,,Cancelled,,,,,,
https://app.smartsheet.com/b/form/5fb5c5e8538e463ab6e0051b0a598d6c,"RO-001 - FLEX CREW DAYS - Haverhill, MA - Crackfill",RO-001,RAINED OUT,FLEX CREW DAYS,53 fondi rd,Haverhill,MA,,,,$0,,FLEX CREW DAYS - Crackfill,335,5,,Crackfill,,,,,,,,,,,,,,,,,,,,,
https://app.smartsheet.com/b/form/5fb5c5e8538e463ab6e0051b0a598d6c,"RO-001 - FLEX CREW DAYS - Haverhill, MA - Grading",RO-001,RAINED OUT,FLEX CREW DAYS,53 fondi rd,Haverhill,MA,,,,$0,,FLEX CREW DAYS - Reclaim/Grading,336,5,,Reclaim/Grading,,,,,,,,,,,,,,,,,,,,,
https://app.smartsheet.com/b/form/5fb5c5e8538e463ab6e0051b0a598d6c,"RO-001 - FLEX CREW DAYS - Haverhill, MA - Pulverizing",RO-001,RAINED OUT,FLEX CREW DAYS,53 fondi rd,Haverhill,MA,,,,$0,,FLEX CREW DAYS - Pulverizing,337,5,,Pulverizing,,,,,,,,,,,,,,,,,,,,,
https://app.smartsheet.com/b/form/5fb5c5e8538e463ab6e0051b0a598d6c,"RO-001 - FLEX CREW DAYS - Haverhill, MA - Milling",RO-001,RAINED OUT,FLEX CREW DAYS,53 fondi rd,Haverhill,MA,,,,$0,,FLEX CREW DAYS - Milling,343,5,,Milling,,,,,,,,,,,,,,,,,,,,,
https://app.smartsheet.com/b/form/5fb5c5e8538e463ab6e0051b0a598d6c,"RO-001 - FLEX CREW DAYS - Haverhill, MA - Paving",RO-001,RAINED OUT,FLEX CREW DAYS,53 fondi rd,Haverhill,MA,,,,$0,,FLEX CREW DAYS - Paving,338,5,,Paving,,,,,,,,,,,,,,,,,,,,,
https://app.smartsheet.com/b/form/5fb5c5e8538e463ab6e0051b0a598d6c,"RO-001 - FLEX CREW DAYS - Haverhill, MA - Hand",RO-001,RAINED OUT,FLEX CREW DAYS,53 fondi rd,Haverhill,MA,,,,$0,,FLEX CREW DAYS - Hand,348,5,,Hand,,,Hand,,,,,,,,,,,,Unscheduled,,,,,,
https://app.smartsheet.com/b/form/5fb5c5e8538e463ab6e0051b0a598d6c,"FJ-0231-26 - Bill McDowell - Natick, MA - Paving",FJ-0231-26,Natick,Bill McDowell,pinehurst,Natick,MA,Dan D'Ambrosio,,,$0,,Bill McDowell - Paving,339,0.5,2d,Paving,,1.5,Paving,,,,,,,,,"2040 lf ft berm,2500 sq milling, 10 loads of rip, 150 tons hand work , 2 loads berm, 230 tons top, sub contractor work etc.",04/16/26,04/17/26,Scheduled,,,,,,
https://app.smartsheet.com/b/form/5fb5c5e8538e463ab6e0051b0a598d6c,"FJ-0232-26 - Bill McDowell - Natick, MA - Paving",FJ-0232-26,Natick,Bill McDowell,Glen st,Natick,MA,Dan D'Ambrosio,,,$0,,Bill McDowell - Paving,340,1,1d,Paving,,0,,,,,,,,,,"8600 sq mill, 800 ton, 3200 ft berm r+r 3 loads.",04/16/26,04/16/26,Scheduled,,,,,,
https://app.smartsheet.com/b/form/5fb5c5e8538e463ab6e0051b0a598d6c,"FJ-0233-26 - Bill McDowell - Natick, MA - Paving",FJ-0233-26,Natick,Bill McDowell,coolidge st,Natick,MA,Dan D'Ambrosio,,,$0,,Bill McDowell - Paving,341,1,,Paving,,,,,,,,,,,,"1430 reclaim , load 1/2 side walks out , 250 roadway mix , 140 sidewalk mix 1 day pave crew for both",,,,,,,,,
https://app.smartsheet.com/b/form/5fb5c5e8538e463ab6e0051b0a598d6c,"FJ-0234-26 - Bill McDowell - Natick, MA - Paving",FJ-0234-26,Natick,Bill McDowell,second ave,Natick,MA,Dan D'Ambrosio,,,$0,,Bill McDowell - Paving,342,2,,Paving,,,,,,,,,,,,"2800 sq reclaim , 2 days pave split for iron raising",,,,,,,,,
https://app.smartsheet.com/b/form/5fb5c5e8538e463ab6e0051b0a598d6c,"FJ-0232-26 - Bill McDowell - Natick, MA - Milling",FJ-0232-26,Natick,Bill McDowell,Glen st,Natick,MA,Dan D'Ambrosio,,,$0,,Bill McDowell - Milling,344,1.5,2d,Milling,,0.5,Milling,,,,,,,,,"8600 sq mill, 800 ton, 3200 ft berm r+r 3 loads.",04/21/26,04/22/26,Scheduled,,,,,,
https://app.smartsheet.com/b/form/5fb5c5e8538e463ab6e0051b0a598d6c,"FJ-0235-26 - Bill McDowell - Natick, MA - Milling",FJ-0235-26,"Natick, Town of",Bill McDowell,1 Glen Road,Natick,MA,Dan D'Ambrosio,,"$100,000","$100,000",,Bill McDowell - Milling,345,2,,Milling,,,,,,None Required,,,,900,,"Mill & Pave 8,533 Square Yards = 720 tons | 3,200 LF Berm R&R | 175 Tons of Sidewalk | Loam & Seed",,,,,,,,,
https://app.smartsheet.com/b/form/5fb5c5e8538e463ab6e0051b0a598d6c,"3384-25 - Deloury Construction - Wilmington, MA - Hand",3384-25,Deloury Construction - market basket,Deloury Construction,340 ballardvale,Wilmington,MA,Bill Dunn,,"$25,933","$25,933",,Deloury Construction - Hand,346,1,,Hand,,,,,,,,,,110,340,Mill edge with 2' mill attachment,,,,,,,,,
https://app.smartsheet.com/b/form/5fb5c5e8538e463ab6e0051b0a598d6c,"3504-25 - Tim - N reading, MA - Hand",3504-25,Delaware Valley Paving,Tim,93 Concord st,N reading,MA,Scott Milbury,,"$4,929","$4,929",,Tim - Hand,347,0.5,,Hand,,,,,,,,,,13,65,,,,,,,,,,
https://app.smartsheet.com/b/form/5fb5c5e8538e463ab6e0051b0a598d6c,"FJ-0232-26 - Bill McDowell - Natick, MA - Hand",FJ-0232-26,Natick,Bill McDowell,Glen st,Natick,MA,Dan D'Ambrosio,,,$0,,Bill McDowell - Hand,349,2,,Hand,,,,,,,,,,,,"8600 sq mill, 800 ton, 3200 ft berm r+r 3 loads.",,,,,,,,,
https://app.smartsheet.com/b/form/5fb5c5e8538e463ab6e0051b0a598d6c,"3640-26 - Ron - Amesbury, MA - Grading",3640-26,GRP Paving & Construction,Ron,15 Cedar St,Amesbury,MA,Dan Vaillancourt,,"$33,157","$33,156",,Ron - Reclaim/Grading,376,2,2d,Reclaim/Grading,,0,Reclaim/Grading,,,,,,,0,3400,"Reclaim,",05/04/26,05/05/26,Scheduled,,,,,,
https://app.smartsheet.com/b/form/5fb5c5e8538e463ab6e0051b0a598d6c,"3641-26 - Victoria - Hudson, NH - Grading",3641-26,Evergreen Management Group,Victoria,Fox Run Rd,Hudson,NH,Dan Vaillancourt,,"$112,079","$112,079",,Victoria - Reclaim/Grading,377,1,2d,Reclaim/Grading,,1,Reclaim/Grading,,,,,,,320,2100,,06/29/26,06/30/26,Scheduled,,,,,,
https://app.smartsheet.com/b/form/5fb5c5e8538e463ab6e0051b0a598d6c,"3641-26 - Victoria - Hudson, NH - Hand",3641-26,Evergreen Management Group,Victoria,Fox Run Rd,Hudson,NH,Dan Vaillancourt,,"$112,079","$112,079",,Victoria - Hand,378,3,,Hand,,,,,,,,,,320,2100,,,,,,,,,,
https://app.smartsheet.com/b/form/5fb5c5e8538e463ab6e0051b0a598d6c,"3669-26 - Richard - Woburn, MA - Hand",3669-26,"Front Row Realty, LLC",Richard,7 Winn Street,Woburn,MA,Ken Sprague,,"$53,126","$53,125",,Richard - Hand,381,1,2d,Hand,,1,Reclaim/Grading,,,,,,,207,1055,H&N @ $1500,04/21/26,04/22/26,Scheduled,,,,,,
https://app.smartsheet.com/b/form/5fb5c5e8538e463ab6e0051b0a598d6c,"3644-26 - Melanie - Dorchester, MA - Hand",3644-26,KeyPoint Partners,Melanie,757 Gallivan blvd,Dorchester,MA,Scott Milbury,,"$3,540","$3,540",,Melanie - Hand,382,0.25,1d,Hand,,0.75,Hand,,,,,,,6,32,,04/15/26,04/15/26,Scheduled,,,,,,
https://app.smartsheet.com/b/form/5fb5c5e8538e463ab6e0051b0a598d6c,"3636-26 - James - Concord, MA - Hand",3636-26,JJ Phelan & Son Co. Inc,James,1276 MAin St,Concord,MA,Dan Vaillancourt,,"$12,814","$12,814",,James - Hand,407,1,,Hand,,,Hand,,,,,,,53,250,"JJ Phelan-Prevailing wage
12.5 mm SIC for Binder 32 Ton
9.5mm SSC 21 Ton
CMB for striping",,,Unscheduled,,,,,,
https://app.smartsheet.com/b/form/5fb5c5e8538e463ab6e0051b0a598d6c,"3635-26 - James - Salem, MA - Paving",3635-26,"JJ Phelan & Son Co., Inc",James,Salem Willows,Salem,MA,Dan Vaillancourt,,"$14,628","$14,627",,James - Paving,FJ-0243-26,0.6,1d,Paving,,0.4,Hand,,12,,,,,46,235,"1 Mob Binder & Top
Job is Prevailing wage & tax exempt. Carried 6 hours for 47 ton",04/10/26,04/10/26,Scheduled,Day 1,TRUE,,,,
https://app.smartsheet.com/b/form/5fb5c5e8538e463ab6e0051b0a598d6c,"3635-26 - James - Salem, MA - Paving Day 2",3635-26,"JJ Phelan & Son Co., Inc",James,Salem Willows,Salem,MA,Dan Vaillancourt,,"$14,628","$14,627",,James - Paving,451,0.6,1d,Paving,,0.4,Hand,,12,,,,,46,235,"1 Mob Binder & Top
Job is Prevailing wage & tax exempt. Carried 6 hours for 47 ton",04/10/26,04/10/26,Scheduled,Day 2,,,,,
https://app.smartsheet.com/b/form/5fb5c5e8538e463ab6e0051b0a598d6c,"3638-26 - James - Everett, MA - Paving",3638-26,"JJ Phelan & Son Co, Inc",James,Central ave @ Woodland St,Everett,MA,Dan Vaillancourt,,"$24,376","$24,376",,James - Paving,FJ-0244-26,0.75,1d,Paving,,0.25,Hand,,8,,,,,35,185,"JJ Phelan-Prevailing Wage
21 Ton 12.5mm SIC for binder
13 ton 9.5mm SSC top
Must feed paver with skid steer or small loader
CDP for striping",05/05/26,05/05/26,Scheduled,,,,,,
https://app.smartsheet.com/b/form/5fb5c5e8538e463ab6e0051b0a598d6c,"FJ-0248-26 - Joe Allen - Boston, MA - Hand",FJ-0248-26,MAssport,Joe Allen,Logan Airport,Boston,MA,Dan D'Ambrosio,,"$100,000","$100,000",,Joe Allen - Hand,410,50,4d,Hand,,-47,Hand,,,,,,,10 ton,,MAnhole project,04/06/26,04/09/26,,,TRUE,,,,
https://app.smartsheet.com/b/form/5fb5c5e8538e463ab6e0051b0a598d6c,"FJ-0248-26 - Joe Allen - Boston, MA - Hand - Day 1",FJ-0248-26,MAssport,Joe Allen,Logan Airport,Boston,MA,Dan D'Ambrosio,,"$100,000","$100,000",,Joe Allen - Hand,415,50,1d,Hand,,-49,Hand,,,,,,,10 ton,,MAnhole project,04/06/26,04/06/26,Scheduled,Day 1,,,,,
https://app.smartsheet.com/b/form/5fb5c5e8538e463ab6e0051b0a598d6c,"FJ-0248-26 - Joe Allen - Boston, MA - Hand - Day 2",FJ-0248-26,MAssport,Joe Allen,Logan Airport,Boston,MA,Dan D'Ambrosio,,"$100,000","$100,000",,Joe Allen - Hand,413,50,1d,Hand,,-49,Hand,,,,,,,10 ton,,MAnhole project,04/08/26,04/08/26,Scheduled,Day 2,,,,,
https://app.smartsheet.com/b/form/5fb5c5e8538e463ab6e0051b0a598d6c,"FJ-0248-26 - Joe Allen - Boston, MA - Hand - Day 3",FJ-0248-26,MAssport,Joe Allen,Logan Airport,Boston,MA,Dan D'Ambrosio,,"$100,000","$100,000",,Joe Allen - Hand,412,50,1d,Hand,,-49,Hand,,,,,,,10 ton,,MAnhole project,04/09/26,04/09/26,Scheduled,Day 3,,,,,
https://app.smartsheet.com/b/form/5fb5c5e8538e463ab6e0051b0a598d6c,,FJ-0248-26,MAssport,Joe Allen,Logan Airport,Boston,MA,Dan D'Ambrosio,,"$100,000","$100,000",,Joe Allen -,414,50,,,,,Hand,,,,,,,10 ton,,MAnhole project,,,,,,,,,
https://app.smartsheet.com/b/form/5fb5c5e8538e463ab6e0051b0a598d6c,"FJ-0248-26 - Joe Allen - Boston, MA - Hand - Day 5",FJ-0248-26,MAssport,Joe Allen,Logan Airport,Boston,MA,Dan D'Ambrosio,,"$100,000","$100,000",,Joe Allen - Hand,411,50,,Hand,,,Hand,,,,,,,10 ton,,MAnhole project,,,,,,,,,
https://app.smartsheet.com/b/form/5fb5c5e8538e463ab6e0051b0a598d6c,"3344-25 - Mark - Coventry, RI - Milling",3344-25,Boston Scientific,Mark,8 Industrial Drive,Coventry,RI,Scott Milbury,,"$259,070","$259,070",,Mark - Milling,416,2,,Milling,,,,,,,,,,1269,5666,"$12,500 for concrete pad $12,500 for retaining wall  James Fodera",,,,,,,,,
https://app.smartsheet.com/b/form/5fb5c5e8538e463ab6e0051b0a598d6c,"3505-25 - Will - Marblehead, MA - Grading",3505-25,Deulis,Will,5 woodfin terrace,Marblehead,MA,Scott Milbury,,"$72,807","$72,806",,Will - Reclaim/Grading,417,1,1d,Reclaim/Grading,,0,Reclaim/Grading,,,,,,,333,1700,$4000for rated work,04/20/26,04/20/26,Scheduled,,,,,,
https://app.smartsheet.com/b/form/5fb5c5e8538e463ab6e0051b0a598d6c,"3617-26 - John - Manchester, NH - Hand",3617-26,Evergreen Mgt,John,64 Dunbarton road,Manchester,NH,Bill Dunn,,"$12,743","$12,742",,John - Hand,418,1,1d,Hand,,0,Hand,,,,,,,6,21,"Sinkhole- cut and patch, excavate area 15' x 12. Fill in sinkhole with processed gravel and compact",03/08/26,03/08/26,Complete,,,TRUE,BILL-418,,
https://app.smartsheet.com/b/form/5fb5c5e8538e463ab6e0051b0a598d6c,"3344-25 - Mark - Coventry, RI - Paving",3344-25,Boston Scientific,Mark,8 Industrial Drive,Coventry,RI,Scott Milbury,,"$259,070","$259,070",,Mark - Paving,419,2,,Paving,,,,,,,,,,1269,5666,"$12,500 for concrete pad $12,500 for retaining wall  James Fodera",,,,,,,,,
https://app.smartsheet.com/b/form/5fb5c5e8538e463ab6e0051b0a598d6c,"3505-25 - Will - Marblehead, MA - Paving",3505-25,Deulis,Will,5 woodfin terrace,Marblehead,MA,Scott Milbury,,"$72,807","$72,806",,Will - Paving,420,1,,Paving,,,,,,,,,,333,1700,$4000for rated work,,,,,,,,,
https://app.smartsheet.com/b/form/5fb5c5e8538e463ab6e0051b0a598d6c,"3636-26 - James - Concord, MA - Paving",3636-26,JJ Phelan & Son Co. Inc,James,1276 Main St,Concord,MA,Dan Vaillancourt,,"$13,371","$13,371",,James - Paving,421,0.5,1d,Paving,,0.5,Hand,,,,,,,53,250,"JJ Phelan-Prevailing wage
12.5 mm SIC for Binder 32 Ton
9.5mm SSC 21 Ton
CMB for striping",04/21/26,04/21/26,Scheduled,,,,,,
https://app.smartsheet.com/b/form/5fb5c5e8538e463ab6e0051b0a598d6c,"3641-26 - Victoria - Hudson, NH - Paving",3641-26,Evergreen Management Group,Victoria,Fox Run Rd,Hudson,NH,Dan Vaillancourt,,"$112,079","$112,079",,Victoria - Paving,422,3,,Paving,,,,,,,,,,320,2100,,,,,,,,,,
https://app.smartsheet.com/b/form/5fb5c5e8538e463ab6e0051b0a598d6c,"3669-26 - Richard - Woburn, MA - Paving",3669-26,"Front Row Realty, LLC",Richard,7 Winn Street,Woburn,MA,Ken Sprague,,"$53,126","$53,125",,Richard - Paving,423,0.5,1d,Paving,,0.5,Paving,,,,,,,207,1055,H&N @ $1500,04/24/26,04/24/26,Scheduled,,,,,,
https://app.smartsheet.com/b/form/5fb5c5e8538e463ab6e0051b0a598d6c,"3697-26 - Ryan - North Andover, MA - Hand",3697-26,North Andover Waste systems,Ryan,210 Holt Street,North Andover,MA,Bill Dunn,,"$92,753","$92,753",,Ryan - Hand,426,1,1d,Hand,,0,Hand,,,,,,,334,1714,All material left on site. 1 day hand crew to rebuild 2 catch basins and grade large areas that will be cold planed to gravel.  1 New Frame and cover  needed,04/22/26,04/22/26,Scheduled,,,,,,
https://app.smartsheet.com/b/form/5fb5c5e8538e463ab6e0051b0a598d6c,"3667-26 - Phil - North Attleboro, MA - Hand",3667-26,99 attleboro,Phil,1510 South Washington Street North Attleboro,North Attleboro,MA,Bill Dunn,,"$9,848","$9,848",,Phil - Hand,427,1,,Hand,,,,,,,,,,7,39,"Rebuild 1 sewer basin, remove and replace with new 26"" cover and frame ( check with Mike) cut and patch  4 patches same lot",,,,,,,,,
https://app.smartsheet.com/b/form/5fb5c5e8538e463ab6e0051b0a598d6c,"3664-26 - Chris - Danvers, MA - Hand",3664-26,Cassidy landscaping,Chris,St John's Prep,Danvers,MA,Bill Dunn,,"$3,184","$3,184",,Chris - Hand,428,0.5,1d,Hand,,0.5,Hand,,,,,,,1,1,Rebuild 1 catch basins,04/15/26,04/15/26,Scheduled,,,,,,
https://app.smartsheet.com/b/form/5fb5c5e8538e463ab6e0051b0a598d6c,"3697-26 - Ryan - North Andover, MA - Paving",3697-26,North Andover Waste systems,Ryan,210 Holt Street,North Andover,MA,Bill Dunn,,"$92,753","$92,753",,Ryan - Paving,429,1,1d,Paving,,0,Paving,,,,,,,334,1714,All material left on site. 1 day hand crew to rebuild 2 catch basins and grade large areas that will be cold planed to gravel.  1 New Frame and cover  needed,04/25/26,04/25/26,Scheduled,,,,,,
https://app.smartsheet.com/b/form/5fb5c5e8538e463ab6e0051b0a598d6c,"3697-26 - Ryan - North Andover, MA - Milling",3697-26,North Andover Waste systems,Ryan,210 Holt Street,North Andover,MA,Bill Dunn,,"$92,753","$92,753",,Ryan - Milling,430,1,1d,Milling,,0,Milling,,,,,,,334,1714,All material left on site. 1 day hand crew to rebuild 2 catch basins and grade large areas that will be cold planed to gravel.  1 New Frame and cover  needed,04/24/26,04/24/26,Scheduled,,,,,,
https://app.smartsheet.com/b/form/5fb5c5e8538e463ab6e0051b0a598d6c,"FJ-0252-26 - brendan coolidge - northsmithfield, rhode island - Hand",FJ-0252-26,ej power,brendan coolidge,4 winchester ave,northsmithfield,rhode island,Dan D'Ambrosio,,"$100,000","$100,000",,brendan coolidge - Hand,431,1,1d,Hand,,0,Hand,,,None Required,,,,37,215,,04/06/26,04/06/26,Complete,,,TRUE,BILL-431,,
https://app.smartsheet.com/b/form/5fb5c5e8538e463ab6e0051b0a598d6c,"3661-26 - Christine - Boston, MA - Hand",3661-26,JLL,Christine,27 drydock ave,Boston,MA,Scott Milbury,,"$26,537","$26,536",,Christine - Hand,432,1,1d,Hand,,0,Hand,,,,,,,22,112,,05/06/26,05/06/26,Scheduled,,,,,,
https://app.smartsheet.com/b/form/5fb5c5e8538e463ab6e0051b0a598d6c,"3695-26 - Alexis - Methuen, MA - Milling",3695-26,Notre Dame Cristo Ray,Alexis,203 Lawrence Street,Methuen,MA,Bill Dunn,,"$77,203","$77,203",,Alexis - Milling,433,1,1d,Milling,,0,Milling,,,,,,,218,1798,2 Areas.     ( 590 Sq Yards) ( Cold Plane to Gravel) Rear Lot and back of School    --- Entrance  ( Mill and pave ) 1209 Sq yards.  Widen the radius,06/19/26,06/19/26,Scheduled,,,,,,
https://app.smartsheet.com/b/form/5fb5c5e8538e463ab6e0051b0a598d6c,"3121-25 - PMA- Adams Farm - North Chelmsford, MA - Milling",3121-25,PMA - Adams farm,PMA- Adams Farm,Kennedy Drive,North Chelmsford,MA,Bill Dunn,,"$62,171","$62,170",,PMA- Adams Farm - Milling,434,1,1d,Milling,,0,Milling,,,,,,,192,2044,,04/23/26,04/23/26,Scheduled,,,,,,
https://app.smartsheet.com/b/form/5fb5c5e8538e463ab6e0051b0a598d6c,"3726-26 - Eva - Wakefield, MA - Milling",3726-26,RJ Kelly - Wakefield,Eva,100 Quannapowitt Parkway,Wakefield,MA,Bill Dunn,,"$87,866","$87,865",,Eva - Milling,435,1,1d,Milling,,0,Milling,,,,,,,306,1560,FULL DEPTH REPLACEMENT ( MILL TO GRAVEL - RECLAIM?). PAT LINES $1700,05/08/26,05/08/26,Scheduled,,,,,,
https://app.smartsheet.com/b/form/5fb5c5e8538e463ab6e0051b0a598d6c,"3730-26 - Brady - Belmont, NH - Milling",3730-26,Paramount Paving and Sealcoating,Brady,28 Industrial Way,Belmont,NH,Bill Dunn,,"$32,040","$32,040",,Brady - Milling,436,2,2d,Milling,,0,Milling,,,,,,,0,10577,"Mill, trim and Sweep. $3.35 sq yard",05/18/26,05/19/26,Scheduled,,,,,,
https://app.smartsheet.com/b/form/5fb5c5e8538e463ab6e0051b0a598d6c,"3695-26 - Alexis - Methuen, MA - Paving",3695-26,Notre Dame Cristo Ray,Alexis,203 Lawrence Street,Methuen,MA,Bill Dunn,,"$77,203","$77,203",,Alexis - Paving,437,1,1d,Paving,,0,Paving,,,,,,,218,1798,2 Areas.     ( 590 Sq Yards) ( Cold Plane to Gravel) Rear Lot and back of School    --- Entrance  ( Mill and pave ) 1209 Sq yards.  Widen the radius,06/22/26,06/22/26,Scheduled,,,,,,
https://app.smartsheet.com/b/form/5fb5c5e8538e463ab6e0051b0a598d6c,"3121-25 - PMA- Adams Farm - North Chelmsford, MA - Paving",3121-25,PMA - Adams farm,PMA- Adams Farm,Kennedy Drive,North Chelmsford,MA,Bill Dunn,,"$62,171","$62,170",,PMA- Adams Farm - Paving,438,0.75,1d,Paving,,0.25,Paving,,,,,,,192,2044,,04/24/26,04/24/26,Scheduled,,,,,,
https://app.smartsheet.com/b/form/5fb5c5e8538e463ab6e0051b0a598d6c,"3726-26 - Eva - Wakefield, MA - Paving",3726-26,RJ Kelly - Wakefield,Eva,100 Quannapowitt Parkway,Wakefield,MA,Bill Dunn,,"$87,866","$87,865",,Eva - Paving,439,1,1d,Paving,,0,Paving,,,,,,,306,1560,FULL DEPTH REPLACEMENT ( MILL TO GRAVEL - RECLAIM?). PAT LINES $1700,05/11/26,05/11/26,Scheduled,,,,,,
https://app.smartsheet.com/b/form/5fb5c5e8538e463ab6e0051b0a598d6c,"3655-26 - Joe - Malden, MA - Paving",3655-26,JJ Phelan & Son Co,Joe,Malden St @ Fellsway West,Malden,MA,Dan Vaillancourt,,"$18,825","$18,825",,Joe - Paving,440,0.8,1d,Paving,,0.2,Paving,,,,,,,66,280,"5' Wide SW X 110'lf
7' wide SW x 280'lf
GC will prep all
Prevailing wage job
Pave areas are on page 5",07/03/26,07/03/26,Scheduled,,,,,,
https://app.smartsheet.com/b/form/5fb5c5e8538e463ab6e0051b0a598d6c,"3705-26 - Andy - Hudson, MA - Paving",3705-26,Russo Brothers,Andy,17 Brent Rd,Hudson,MA,Dan Vaillancourt,,"$463,189","$463,188",,Andy - Paving,441,5,2d,Paving,,-3,Paving,,,,,,,2618,20080,"Reclaim mostly packed gravel and millings for regrade purposes. 20,080 SY
Paving area is 11,585 SY @ 4""",05/05/26,05/06/26,Scheduled,,,,,,
https://app.smartsheet.com/b/form/5fb5c5e8538e463ab6e0051b0a598d6c,"3633-26 - Allyson - N. Andover, MA - Paving",3633-26,"Linear Retail North Andover #1, LLC",Allyson,127 Turnpike Street,N. Andover,MA,Ken Sprague,,"$140,503","$140,502",,Allyson - Paving,442,1,,Paving,,,,,,,,,,651,5812,Line Striping - H&N @ $3000.,,,,,,,,,
https://app.smartsheet.com/b/form/5fb5c5e8538e463ab6e0051b0a598d6c,"3705-26 - Andy - Hudson, MA - Grading",3705-26,Russo Brothers,Andy,17 Brent Rd,Hudson,MA,Dan Vaillancourt,,"$463,189","$463,188",,Andy - Reclaim/Grading,443,8,5d,Reclaim/Grading,,-3,Reclaim/Grading,,,,,,,2618,20080,"Reclaim mostly packed gravel and millings for regrade purposes. 20,080 SY
Paving area is 11,585 SY @ 4""",04/27/26,05/01/26,Scheduled,,,,,,
https://app.smartsheet.com/b/form/5fb5c5e8538e463ab6e0051b0a598d6c,"3709-26 - Mike - Westford, MA - Pulverizing",3709-26,Genetti General Contracting,Mike,64 Main St,Westford,MA,Dan Vaillancourt,,"$4,965","$4,965",,Mike - Pulverizing,444,0.65,1d,Pulverizing,,0.35,Reclaim/Grading,,,,,,,0,1350,"Reclaim only Driveway
1000' x 12' wide",04/10/26,04/10/26,Complete,,,TRUE,BILL-444,,
https://app.smartsheet.com/b/form/5fb5c5e8538e463ab6e0051b0a598d6c,"3633-26 - Allyson - N. Andover, MA - Milling",3633-26,"Linear Retail North Andover #1, LLC",Allyson,127 Turnpike Street,N. Andover,MA,Ken Sprague,,"$140,503","$140,502",,Allyson - Milling,445,1,,Milling,,,,,,,,,,651,5812,Line Striping - H&N @ $3000.,,,,,,,,,
https://app.smartsheet.com/b/form/5fb5c5e8538e463ab6e0051b0a598d6c,"3755-26 - Josh - Newburyport, MA - Milling",3755-26,All About Asphalt LLC,Josh,40 Parker St,Newburyport,MA,Dan Vaillancourt,,"$6,408","$6,408",,Josh - Milling,446,0.5,1d,Milling,,0.5,Milling,,,,,,,0,1700,"Mill only
Groundman & Operator",04/20/26,04/20/26,Scheduled,,,,,,
https://app.smartsheet.com/b/form/5fb5c5e8538e463ab6e0051b0a598d6c,"3272-25 - Justin - Marlborough, MA - Hand",3272-25,JLL,Justin,100 Campus Dr,Marlborough,MA,Scott Milbury,,"$8,151","$8,150",,Justin - Hand,447,0.5,1d,Hand,,0.5,Hand,,,,,,,11,59,,05/04/26,05/04/26,Scheduled,,,,,,
https://app.smartsheet.com/b/form/5fb5c5e8538e463ab6e0051b0a598d6c,"3744-26 - Melanie - Whitman, MA - Hand",3744-26,KeyPoint Partners,Melanie,670 Bedford st,Whitman,MA,Scott Milbury,,"$6,578","$6,578",,Melanie - Hand,448,0.5,1d,Hand,,0.5,Hand,,,,,,,10,50,,04/15/26,04/15/26,Scheduled,,,,,,
https://app.smartsheet.com/b/form/5fb5c5e8538e463ab6e0051b0a598d6c,"3467-25 - Dino - Newington, CT - Milling",3467-25,Delaware Valley,Dino,3270 Berlin Turnpike,Newington,CT,Scott Milbury,,"$756,163","$756,162",,Dino - Milling,449,6,8d,Milling,,1,Milling,,,,,,,4411,39383,10k travel,07/26/26,08/02/26,Scheduled,,TRUE,,,,
https://app.smartsheet.com/b/form/5fb5c5e8538e463ab6e0051b0a598d6c,"3467-25 - Dino - Newington, CT - Milling Day 1-5",3467-25,Delaware Valley,Dino,3270 Berlin Turnpike,Newington,CT,Scott Milbury,,"$756,163","$756,162",,Dino - Milling,454,6,6d,Milling,,0,Milling,,,,,,,4411,39383,10k travel,07/26/26,07/31/26,Scheduled,,,,,,
https://app.smartsheet.com/b/form/5fb5c5e8538e463ab6e0051b0a598d6c,"3467-25 - Dino - Newington, CT - Milling Day 6",3467-25,Delaware Valley,Dino,3270 Berlin Turnpike,Newington,CT,Scott Milbury,,"$756,163","$756,162",,Dino - Milling,452,6,1d,Milling,,-5,Milling,,,,,,,4411,39383,10k travel,08/02/26,08/02/26,Scheduled,,,,,,
https://app.smartsheet.com/b/form/5fb5c5e8538e463ab6e0051b0a598d6c,"3467-25 - Dino - Newington, CT - Paving",3467-25,Delaware Valley,Dino,3270 Berlin Turnpike,Newington,CT,Scott Milbury,,"$756,163","$756,162",,Dino - Paving,450,6,8d,Paving,,0,Paving,,,,,,,4411,39383,10k travel,07/27/26,08/03/26,Scheduled,,TRUE,,,,
https://app.smartsheet.com/b/form/5fb5c5e8538e463ab6e0051b0a598d6c,"3467-25 - Dino - Newington, CT - Paving Day 1-5",3467-25,Delaware Valley,Dino,3270 Berlin Turnpike,Newington,CT,Scott Milbury,,"$756,163","$756,162",,Dino - Paving,455,6,5d,Paving,,-1,Paving,,,,,,,4411,39383,10k travel,07/27/26,07/31/26,Scheduled,,,,,,
https://app.smartsheet.com/b/form/5fb5c5e8538e463ab6e0051b0a598d6c,"3467-25 - Dino - Newington, CT - Paving Day 6",3467-25,Delaware Valley,Dino,3270 Berlin Turnpike,Newington,CT,Scott Milbury,,"$756,163","$756,162",,Dino - Paving,453,6,1d,Paving,,-5,Paving,,,,,,,4411,39383,10k travel,08/03/26,08/03/26,Scheduled,,,,,,
https://app.smartsheet.com/b/form/5fb5c5e8538e463ab6e0051b0a598d6c,"3700-26 - Mike - Somerville, MA - Hand",3700-26,Intergrated site and development,Mike,29 properzi way,Somerville,MA,Bill Dunn,,"$6,328","$6,328",,Mike - Hand,456,0.5,1d,Hand,,0.5,Hand,,,,,,,7,34,"Cut and patch 34 sq yards 3.5"" Spec",05/07/26,05/07/26,Scheduled,,,,,,
https://app.smartsheet.com/b/form/5fb5c5e8538e463ab6e0051b0a598d6c,"3802-26 - Maria - Arlington, MA - Paving",3802-26,Perth Road - M. Hallet,Maria,Perth Road,Arlington,MA,Dan D'Ambrosio,,"$46,814","$46,814",,Maria - Paving,457,0.5,,Paving,,,,,,,,,,165,530,"Contract Unit Pricing (To be billed similar to public bids, so track the quantities for overages.",,,,,,,,,
https://app.smartsheet.com/b/form/5fb5c5e8538e463ab6e0051b0a598d6c,"3802-26 - Maria - Arlington, MA - Grading",3802-26,Perth Road - M. Hallet,Maria,Perth Road,Arlington,MA,Dan D'Ambrosio,,"$46,814","$46,814",,Maria - Reclaim/Grading,458,0.75,,Reclaim/Grading,,,,,,,,,,165,530,"Contract Unit Pricing (To be billed similar to public bids, so track the quantities for overages.",,,,,,,,,
https://app.smartsheet.com/b/form/5fb5c5e8538e463ab6e0051b0a598d6c,"FJ-0268-26 - Cassidy - haverhill, MA - Milling",FJ-0268-26,Holiday,Cassidy,53 Fondi Rd,haverhill,MA,Mike Capano,,,$0,,Cassidy - Milling,459,1,1d,Milling,,0,Milling,,,,,,,,,Memorial Day,05/25/26,05/25/26,Scheduled,,,,,,
https://app.smartsheet.com/b/form/5fb5c5e8538e463ab6e0051b0a598d6c,"FJ-0268-26 - Cassidy - haverhill, MA - Hand",FJ-0268-26,Holiday,Cassidy,53 Fondi Rd,haverhill,MA,Mike Capano,,,$0,,Cassidy - Hand,460,1,1d,Hand,,0,Hand,,,,,,,,,Memorial Day,05/25/26,05/25/26,Scheduled,,,,,,
https://app.smartsheet.com/b/form/5fb5c5e8538e463ab6e0051b0a598d6c,"FJ-0268-26 - Cassidy - haverhill, MA - Grading",FJ-0268-26,Holiday,Cassidy,53 Fondi Rd,haverhill,MA,Mike Capano,,,$0,,Cassidy - Reclaim/Grading,461,1,1d,Reclaim/Grading,,0,Reclaim/Grading,,,,,,,,,Memorial Day,05/25/26,05/25/26,Scheduled,,,,,,
https://app.smartsheet.com/b/form/5fb5c5e8538e463ab6e0051b0a598d6c,"FJ-0268-26 - Cassidy - haverhill, MA - Paving",FJ-0268-26,Holiday,Cassidy,53 Fondi Rd,haverhill,MA,Mike Capano,,,$0,,Cassidy - Paving,462,1,1d,Paving,,0,Paving,,,,,,,,,Memorial Day,05/25/26,05/25/26,Scheduled,,,,,,
https://app.smartsheet.com/b/form/5fb5c5e8538e463ab6e0051b0a598d6c,"3582-26 - Leo - Chelmsford, MA - Grading",3582-26,The Dartmouth Group  Fox Hunt,Leo,189 Littleton Street ( Lot C),Chelmsford,MA,Bill Dunn,,"$142,882","$142,882",,Leo - Reclaim/Grading,463,2,,Reclaim/Grading,,,,,,,,,,612,3121,Reclaim and pave,,,,,,,,,
https://app.smartsheet.com/b/form/5fb5c5e8538e463ab6e0051b0a598d6c,"3706-26 - Andy - Andover, MA - Hand",3706-26,Russo Bros,Andy,25 Frontage rd,Andover,MA,Dan Vaillancourt,,"$7,603","$7,602",,Andy - Hand,464,1,,Hand,,,,,,,,,,10,100,"Trim and hand pave 4 speed bumps 3' long, 3"" tall- 10 ton is plenty",,,,,,,,,
https://app.smartsheet.com/b/form/5fb5c5e8538e463ab6e0051b0a598d6c,"3762-26 - ANDRO - Lexington, MA - Hand",3762-26,JLL - 40 HARTWELL,ANDRO,12-18-40 Hartwell,Lexington,MA,Bill Dunn,,"$13,920","$13,920",,ANDRO - Hand,465,0.75,,Hand,,,,,,,,,,19,95,#12-18 Hartwell ( cut and patch 6 areas ( 23 sq yards). #40 Hartwell cut and patch 25' x 25',,,,,,,,,
https://app.smartsheet.com/b/form/5fb5c5e8538e463ab6e0051b0a598d6c,"3776-26 -  - Chelmsford,  - Hand",3776-26,Islamic Temple,,5 courthouse,Chelmsford,,Bill Dunn,,"$1,693","$1,692",,- Hand,466,0.25,,Hand,,,,,,,,,,0,1,$790 for frame and cover,,,,,,,,,
https://app.smartsheet.com/b/form/5fb5c5e8538e463ab6e0051b0a598d6c,"3582-26 - Leo - Chelmsford, MA - Paving",3582-26,The Dartmouth Group  Fox Hunt,Leo,189 Littleton Street ( Lot C),Chelmsford,MA,Bill Dunn,,"$142,882","$142,882",,Leo - Paving,467,2,,Paving,,,,,,,,,,612,3121,Reclaim and pave,,,,,,,,,
https://app.smartsheet.com/b/form/5fb5c5e8538e463ab6e0051b0a598d6c,"3662-26 - Danielle - Braintree, MA - Hand",3662-26,KeyPoint Partners,Danielle,550 Grossman drive,Braintree,MA,Scott Milbury,,"$22,314","$22,314",,Danielle - Hand,468,2,,Hand,,,,,,,,,,5,42,,,,,,,,,,
https://app.smartsheet.com/b/form/5fb5c5e8538e463ab6e0051b0a598d6c,"3775-26 - Justin - Marlbourough, MA - Hand",3775-26,JLL,Justin,110 Campus dr,Marlbourough,MA,Scott Milbury,,"$3,433","$3,433",,Justin - Hand,469,0.05,,Hand,,,,,,,,,,8,65,,,,,,,,,,
https://app.smartsheet.com/b/form/5fb5c5e8538e463ab6e0051b0a598d6c,"3476-25 - The guild - Billerica, MA - SubC",3476-25,The Guild of human services,The guild,9 Janice,Billerica,MA,Bill Dunn,,"$10,728","$10,728",,The guild - SubC,470,,,SubC,,,,,8,,,,,26,133,New driveway install,,,,,,,,,
https://app.smartsheet.com/b/form/5fb5c5e8538e463ab6e0051b0a598d6c,"3449-25 - The Dartmouth Group - Somerville, MA - SubC",3449-25,The Dartmouth Group - Metro 9,The Dartmouth Group,9 Medford Street,Somerville,MA,Bill Dunn,,"$17,318","$17,317",,The Dartmouth Group - SubC,471,,,SubC,,,,,9,,,,,34,175,"175 sq yards, hand crew, pat will line 900.00",,,,,,,,,
https://app.smartsheet.com/b/form/5fb5c5e8538e463ab6e0051b0a598d6c,"3344-25 - Mark - Coventry, RI - SubC",3344-25,Boston Scientific,Mark,8 Industrial Drive,Coventry,RI,Scott Milbury,,"$259,070","$259,070",,Mark - SubC,472,,,SubC,,,,,120,,,,,1269,5666,"$12,500 for concrete pad $12,500 for retaining wall  James Fodera",,,,,,,,,
https://app.smartsheet.com/b/form/5fb5c5e8538e463ab6e0051b0a598d6c,"3330-25 - PMA - Brickett Hill - Haverhill, MA - SubC",3330-25,PMA - Brickett Hill,PMA - Brickett Hill,39-43 Brickett Hill,Haverhill,MA,Bill Dunn,,"$48,477","$48,476",,PMA - Brickett Hill - SubC,473,,,SubC,,,,,100,,,,,120,500,"1 catch basin rebuild, cut and patch ( iris Circle) install 3 speed bumps - full depth replacement  4 "" spec",,,,,,,,,
https://app.smartsheet.com/b/form/5fb5c5e8538e463ab6e0051b0a598d6c,"3299-25 - ISGL TEMPLE - Chelmsford, MA - SubC",3299-25,ISGL TEMPLE,ISGL TEMPLE,5 courthouse lane,Chelmsford,MA,Bill Dunn,,"$81,289","$81,289",,ISGL TEMPLE - SubC,474,,,SubC,,,,,100,,,,,290,3129,"Mill and pave 1.5"" spec. Pat lines $3500",,,,,,,,,
https://app.smartsheet.com/b/form/5fb5c5e8538e463ab6e0051b0a598d6c,"3296-25 - Alyssa - North Andover, MA - SubC",3296-25,Wilder,Alyssa,175 Turnpike Street,North Andover,MA,Ken Sprague,,"$263,241","$263,240",,Alyssa - SubC,475,,,SubC,,,,,240,,,,,1088,9495,"H & N at $4,750",,,,,,,,,
https://app.smartsheet.com/b/form/5fb5c5e8538e463ab6e0051b0a598d6c,"3224-25 - Joey - Portsmouth, NH - SubC",3224-25,AAM15,Joey,260 Rockland,Portsmouth,NH,Scott Milbury,,"$115,590","$115,589",,Joey - SubC,476,,,SubC,,,,,30,,,,,130,662,"$22000 catch basin and pipe fodera
$6950 dumpster pad
$12,500 prep area",,,,,,,,,
https://app.smartsheet.com/b/form/5fb5c5e8538e463ab6e0051b0a598d6c,"3112-25 - Andy - West Roxbury, MA - SubC",3112-25,CW Contracting,Andy,1625 VFW Parkway,West Roxbury,MA,Ken Sprague,,"$76,114","$76,114",,Andy - SubC,477,,,SubC,,,,,60,,,,,386,1967,"Fine Grade & Pave (2"" Binder; 1.5"" Top)
Install Cape Cod Berm at 388 l.f.",,,,,,,,,
https://app.smartsheet.com/b/form/5fb5c5e8538e463ab6e0051b0a598d6c,"3061-25 - Dan - Westford, MA - SubC",3061-25,Bridges by EPOCH,Dan,108 Littleton Road,Westford,MA,Ken Sprague,,"$23,927","$23,927",,Dan - SubC,478,,,SubC,,,,,20,,,,,35,356,"Asphalt Overlay of 35 tons (.25 for leveler), and 1.5"" carried.
Keyway approx. 80 l.f.",,,,,,,,,
https://app.smartsheet.com/b/form/5fb5c5e8538e463ab6e0051b0a598d6c,"2932-25 - Jason - Hudson, MA - SubC",2932-25,428 Main st Hudson Hudson LLC,Jason,428 Main St,Hudson,MA,Scott Milbury,,"$12,352","$12,351",,Jason - SubC,479,,,SubC,,,,,10,,,,,30,154,Plus 3 rebuilds,,,,,,,,,
https://app.smartsheet.com/b/form/5fb5c5e8538e463ab6e0051b0a598d6c,"3504-25 - Tim - N reading, MA - SubC",3504-25,Delaware Valley Paving,Tim,93 Concord st,N reading,MA,Scott Milbury,,"$4,929","$4,929",,Tim - SubC,480,,,SubC,,,,,6,,,,,13,65,,,,,,,,,,
https://app.smartsheet.com/b/form/5fb5c5e8538e463ab6e0051b0a598d6c,"3505-25 - Will - Marblehead, MA - SubC",3505-25,Deulis,Will,5 woodfin terrace,Marblehead,MA,Scott Milbury,,"$72,807","$72,806",,Will - SubC,481,,,SubC,,,,,50,,,,,333,1700,$4000for rated work,,,,,,,,,
https://app.smartsheet.com/b/form/5fb5c5e8538e463ab6e0051b0a598d6c,"3452-25 - Leewood realty - Haverhill, MA - SubC",3452-25,Leewood realty,Leewood realty,64  Newark,Haverhill,MA,Bill Dunn,,"$684,843","$684,843",,Leewood realty - SubC,482,,,SubC,,,,,450,,,,,4451,13183,"Milland pave, reclaim and paver, pat will do lines,  $3500 concrete is $26./Sq billy Flynn $4960 for bollards",,,,,,,,,
https://app.smartsheet.com/b/form/5fb5c5e8538e463ab6e0051b0a598d6c,"3442-25 - Gen3RE - South Easton, MA - SubC",3442-25,GEN3RE,Gen3RE,785 Washington Ave,South Easton,MA,Bill Dunn,,"$80,372","$80,371",,Gen3RE - SubC,483,,,SubC,,,,,80,,,,,201,2137,"Mill and pave, 450 linear feet of berm remove and replace.  Reset 15 existing bumpers and pin",,,,,,,,,
https://app.smartsheet.com/b/form/5fb5c5e8538e463ab6e0051b0a598d6c,"3194-25 - Greenbriar estates - Gemini property - North Reading, MA - SubC",3194-25,Gemini - Greenbriar,Greenbriar estates - Gemini property,7 Greenbriar Drive,North Reading,MA,Bill Dunn,,"$203,201","$203,201",,Greenbriar estates - Gemini property - SubC,484,,,SubC,,,,,200,,,,,875,8676,"Mill and pave 7616 sq yards,  1.5"" cold plane and pave 1061 sq yards 3.5""",,,,,,,,,
https://app.smartsheet.com/b/form/5fb5c5e8538e463ab6e0051b0a598d6c,"2820-25 - Davis Commons - Brockton, MA - SubC",2820-25,Davis commons,Davis Commons,165 Carl Ave,Brockton,MA,Bill Dunn,,"$429,701","$429,701",,Davis Commons - SubC,485,,,SubC,,,,,420,,,,,1975,19027,"capauno "" 6 days to remove and replace sidewalks ( 5300 linear feet by 5 feet ) had crew - 120 hours trucking
Milling 3 days 120 hrs trucking
Paving 3 days 120 hrs trucking
Pat lines $5500, 3 mobs.  5300 linear feet of berm installed",,,,,,,,,
https://app.smartsheet.com/b/form/5fb5c5e8538e463ab6e0051b0a598d6c,"2994-25 - Carmen - Stoughton, MA - SubC",2994-25,Berkley,Carmen,Tosca dr,Stoughton,MA,Scott Milbury,,"$544,554","$544,554",,Carmen - SubC,486,,,SubC,,,,,400,,,,,2322,14357,,,,,,,,,,
https://app.smartsheet.com/b/form/5fb5c5e8538e463ab6e0051b0a598d6c,"3621-26 - Brenton - Stoneham, MA - SubC",3621-26,Magnolia siteworks,Brenton,115 main street,Stoneham,MA,Bill Dunn,,"$8,516","$8,516",,Brenton - SubC,487,,,SubC,,,,,4,,,,,18,128,"Pave only 4""",,,,,,,,,
https://app.smartsheet.com/b/form/5fb5c5e8538e463ab6e0051b0a598d6c,"FJ-0235-26 - Bill McDowell - Natick, MA - SubC",FJ-0235-26,"Natick, Town of",Bill McDowell,1 Glen Road,Natick,MA,Dan D'Ambrosio,,"$100,000","$100,000",,Bill McDowell - SubC,488,,,SubC,,,,,170,None Required,,,,900,,"Mill & Pave 8,533 Square Yards = 720 tons | 3,200 LF Berm R&R | 175 Tons of Sidewalk | Loam & Seed",,,,,,,,,
https://app.smartsheet.com/b/form/5fb5c5e8538e463ab6e0051b0a598d6c,"3640-26 - Ron - Amesbury, MA - SubC",3640-26,GRP Paving & Construction,Ron,15 Cedar St,Amesbury,MA,Dan Vaillancourt,,"$33,157","$33,156",,Ron - SubC,489,,,SubC,,,,,48,,,,,0,3400,"Reclaim,",,,,,,,,,
https://app.smartsheet.com/b/form/5fb5c5e8538e463ab6e0051b0a598d6c,"3641-26 - Victoria - Hudson, NH - SubC",3641-26,Evergreen Management Group,Victoria,Fox Run Rd,Hudson,NH,Dan Vaillancourt,,"$112,079","$112,079",,Victoria - SubC,490,,,SubC,,,,,68,,,,,320,2100,,,,,,,,,,
https://app.smartsheet.com/b/form/5fb5c5e8538e463ab6e0051b0a598d6c,"3669-26 - Richard - Woburn, MA - SubC",3669-26,"Front Row Realty, LLC",Richard,7 Winn Street,Woburn,MA,Ken Sprague,,"$53,126","$53,125",,Richard - SubC,491,,,SubC,,,,,30,,,,,207,1055,H&N @ $1500,,,,,,,,,
https://app.smartsheet.com/b/form/5fb5c5e8538e463ab6e0051b0a598d6c,"3644-26 - Melanie - Dorchester, MA - SubC",3644-26,KeyPoint Partners,Melanie,757 Gallivan blvd,Dorchester,MA,Scott Milbury,,"$3,540","$3,540",,Melanie - SubC,492,,,SubC,,,,,2,,,,,6,32,,,,,,,,,,
https://app.smartsheet.com/b/form/5fb5c5e8538e463ab6e0051b0a598d6c,"3638-26 - James - Everett, MA - SubC",3638-26,"JJ Phelan & Son Co, Inc",James,Central ave @ Woodland St,Everett,MA,Dan Vaillancourt,,"$24,376","$24,376",,James - SubC,493,,,SubC,,,,,8,,,,,35,185,"JJ Phelan-Prevailing Wage
21 Ton 12.5mm SIC for binder
13 ton 9.5mm SSC top
Must feed paver with skid steer or small loader
CDP for striping",,,,,,,,,
https://app.smartsheet.com/b/form/5fb5c5e8538e463ab6e0051b0a598d6c,"3635-26 - James - Salem, MA - SubC",3635-26,"JJ Phelan & Son Co., Inc",James,Salem Willows,Salem,MA,Dan Vaillancourt,,"$14,628","$14,627",,James - SubC,494,,,SubC,,,,,12,,,,,46,235,"1 Mob Binder & Top
Job is Prevailing wage & tax exempt. Carried 6 hours for 47 ton",,,,,,,,,
https://app.smartsheet.com/b/form/5fb5c5e8538e463ab6e0051b0a598d6c,"3697-26 - Ryan - North Andover, MA - SubC",3697-26,North Andover Waste systems,Ryan,210 Holt Street,North Andover,MA,Bill Dunn,,"$92,753","$92,753",,Ryan - SubC,495,,,SubC,,,,,70,,,,,334,1714,All material left on site. 1 day hand crew to rebuild 2 catch basins and grade large areas that will be cold planed to gravel.  1 New Frame and cover  needed,,,,,,,,,
https://app.smartsheet.com/b/form/5fb5c5e8538e463ab6e0051b0a598d6c,"3667-26 - Phil - North Attleboro, MA - SubC",3667-26,99 attleboro,Phil,1510 South Washington Street North Attleboro,North Attleboro,MA,Bill Dunn,,"$9,848","$9,848",,Phil - SubC,496,,,SubC,,,,,10,,,,,7,39,"Rebuild 1 sewer basin, remove and replace with new 26"" cover and frame ( check with Mike) cut and patch  4 patches same lot",,,,,,,,,
https://app.smartsheet.com/b/form/5fb5c5e8538e463ab6e0051b0a598d6c,"FJ-0252-26 - brendan coolidge - northsmithfield, rhode island - SubC",FJ-0252-26,ej power,brendan coolidge,4 winchester ave,northsmithfield,rhode island,Dan D'Ambrosio,,"$100,000","$100,000",,brendan coolidge - SubC,497,,,SubC,,,,,10,None Required,,,,37,215,,,,,,,,,,
https://app.smartsheet.com/b/form/5fb5c5e8538e463ab6e0051b0a598d6c,"3661-26 - Christine - Boston, MA - SubC",3661-26,JLL,Christine,27 drydock ave,Boston,MA,Scott Milbury,,"$26,537","$26,536",,Christine - SubC,498,,,SubC,,,,,6,,,,,22,112,,,,,,,,,,
https://app.smartsheet.com/b/form/5fb5c5e8538e463ab6e0051b0a598d6c,"3695-26 - Alexis - Methuen, MA - SubC",3695-26,Notre Dame Cristo Ray,Alexis,203 Lawrence Street,Methuen,MA,Bill Dunn,,"$77,203","$77,203",,Alexis - SubC,499,,,SubC,,,,,100,,,,,218,1798,2 Areas.     ( 590 Sq Yards) ( Cold Plane to Gravel) Rear Lot and back of School    --- Entrance  ( Mill and pave ) 1209 Sq yards.  Widen the radius,,,,,,,,,
https://app.smartsheet.com/b/form/5fb5c5e8538e463ab6e0051b0a598d6c,"3121-25 - PMA- Adams Farm - North Chelmsford, MA - SubC",3121-25,PMA - Adams farm,PMA- Adams Farm,Kennedy Drive,North Chelmsford,MA,Bill Dunn,,"$62,171","$62,170",,PMA- Adams Farm - SubC,500,,,SubC,,,,,80,,,,,192,2044,,,,,,,,,,
https://app.smartsheet.com/b/form/5fb5c5e8538e463ab6e0051b0a598d6c,"3726-26 - Eva - Wakefield, MA - SubC",3726-26,RJ Kelly - Wakefield,Eva,100 Quannapowitt Parkway,Wakefield,MA,Bill Dunn,,"$87,866","$87,865",,Eva - SubC,501,,,SubC,,,,,75,,,,,306,1560,FULL DEPTH REPLACEMENT ( MILL TO GRAVEL - RECLAIM?). PAT LINES $1700,,,,,,,,,
https://app.smartsheet.com/b/form/5fb5c5e8538e463ab6e0051b0a598d6c,"3655-26 - Joe - Malden, MA - SubC",3655-26,JJ Phelan & Son Co,Joe,Malden St @ Fellsway West,Malden,MA,Dan Vaillancourt,,"$18,825","$18,825",,Joe - SubC,502,,,SubC,,,,,10,,,,,66,280,"5' Wide SW X 110'lf
7' wide SW x 280'lf
GC will prep all
Prevailing wage job
Pave areas are on page 5",,,,,,,,,
https://app.smartsheet.com/b/form/5fb5c5e8538e463ab6e0051b0a598d6c,"3705-26 - Andy - Hudson, MA - SubC",3705-26,Russo Brothers,Andy,17 Brent Rd,Hudson,MA,Dan Vaillancourt,,"$463,189","$463,188",,Andy - SubC,503,,,SubC,,,,,270,,,,,2618,20080,"Reclaim mostly packed gravel and millings for regrade purposes. 20,080 SY
Paving area is 11,585 SY @ 4""",,,,,,,,,
https://app.smartsheet.com/b/form/5fb5c5e8538e463ab6e0051b0a598d6c,"3633-26 - Allyson - N. Andover, MA - SubC",3633-26,"Linear Retail North Andover #1, LLC",Allyson,127 Turnpike Street,N. Andover,MA,Ken Sprague,,"$140,503","$140,502",,Allyson - SubC,504,,,SubC,,,,,130,,,,,651,5812,Line Striping - H&N @ $3000.,,,,,,,,,
https://app.smartsheet.com/b/form/5fb5c5e8538e463ab6e0051b0a598d6c,"3467-25 - Dino - Newington, CT - SubC",3467-25,Delaware Valley,Dino,3270 Berlin Turnpike,Newington,CT,Scott Milbury,,"$756,163","$756,162",,Dino - SubC,505,,,SubC,,,,,330,,,,,4411,39383,10k travel,,,,,,,,,
https://app.smartsheet.com/b/form/5fb5c5e8538e463ab6e0051b0a598d6c,"3272-25 - Justin - Marlborough, MA - SubC",3272-25,JLL,Justin,100 Campus Dr,Marlborough,MA,Scott Milbury,,"$8,151","$8,150",,Justin - SubC,506,,,SubC,,,,,4,,,,,11,59,,,,,,,,,,
https://app.smartsheet.com/b/form/5fb5c5e8538e463ab6e0051b0a598d6c,"3744-26 - Melanie - Whitman, MA - SubC",3744-26,KeyPoint Partners,Melanie,670 Bedford st,Whitman,MA,Scott Milbury,,"$6,578","$6,578",,Melanie - SubC,507,,,SubC,,,,,6,,,,,10,50,,,,,,,,,,
https://app.smartsheet.com/b/form/5fb5c5e8538e463ab6e0051b0a598d6c,"3700-26 - Mike - Somerville, MA - SubC",3700-26,Intergrated site and development,Mike,29 properzi way,Somerville,MA,Bill Dunn,,"$6,328","$6,328",,Mike - SubC,508,,,SubC,,,,,5,,,,,7,34,"Cut and patch 34 sq yards 3.5"" Spec",,,,,,,,,
https://app.smartsheet.com/b/form/5fb5c5e8538e463ab6e0051b0a598d6c,"3802-26 - Maria - Arlington, MA - SubC",3802-26,Perth Road - M. Hallet,Maria,Perth Road,Arlington,MA,Dan D'Ambrosio,,"$46,814","$46,814",,Maria - SubC,509,,,SubC,,,,,40,,,,,165,530,"Contract Unit Pricing (To be billed similar to public bids, so track the quantities for overages.",,,,,,,,,
https://app.smartsheet.com/b/form/5fb5c5e8538e463ab6e0051b0a598d6c,"3706-26 - Andy - Andover, MA - SubC",3706-26,Russo Bros,Andy,25 Frontage rd,Andover,MA,Dan Vaillancourt,,"$7,603","$7,602",,Andy - SubC,510,,,SubC,,,,,6,,,,,10,100,"Trim and hand pave 4 speed bumps 3' long, 3"" tall- 10 ton is plenty",,,,,,,,,
https://app.smartsheet.com/b/form/5fb5c5e8538e463ab6e0051b0a598d6c,"3582-26 - Leo - Chelmsford, MA - SubC",3582-26,The Dartmouth Group  Fox Hunt,Leo,189 Littleton Street ( Lot C),Chelmsford,MA,Bill Dunn,,"$142,882","$142,882",,Leo - SubC,511,,,SubC,,,,,100,,,,,612,3121,Reclaim and pave,,,,,,,,,
https://app.smartsheet.com/b/form/5fb5c5e8538e463ab6e0051b0a598d6c,"3762-26 - ANDRO - Lexington, MA - SubC",3762-26,JLL - 40 HARTWELL,ANDRO,12-18-40 Hartwell,Lexington,MA,Bill Dunn,,"$13,920","$13,920",,ANDRO - SubC,512,,,SubC,,,,,20,,,,,19,95,#12-18 Hartwell ( cut and patch 6 areas ( 23 sq yards). #40 Hartwell cut and patch 25' x 25',,,,,,,,,
https://app.smartsheet.com/b/form/5fb5c5e8538e463ab6e0051b0a598d6c,"3662-26 - Danielle - Braintree, MA - SubC",3662-26,KeyPoint Partners,Danielle,550 Grossman drive,Braintree,MA,Scott Milbury,,"$22,314","$22,314",,Danielle - SubC,513,,,SubC,,,,,16,,,,,5,42,,,,,,,,,,
https://app.smartsheet.com/b/form/5fb5c5e8538e463ab6e0051b0a598d6c,"3775-26 - Justin - Marlbourough, MA - SubC",3775-26,JLL,Justin,110 Campus dr,Marlbourough,MA,Scott Milbury,,"$3,433","$3,433",,Justin - SubC,514,,,SubC,,,,,6,,,,,8,65,,,,,,,,,,
https://app.smartsheet.com/b/form/5fb5c5e8538e463ab6e0051b0a598d6c,"FJ-0222-26 - peter kerger - Medford, MA - Hand",FJ-0222-26,medford dpw,peter kerger,city of medford,Medford,MA,Dan D'Ambrosio,,,$0,,peter kerger - Hand,515,5,,Hand,,,,,,,,,Pave,15,,Dow term contract,,,,,,,,,